annee;jourDebut;jourFin;parcelle;couvert;itk;evaporation[mm];transpiration[mm];percolation[mm];capilarite[mm];ruissellement[mm];Hr_debut[mm];Hm_debut[mm];Hr_fin[mm];Hm_fin[mm];Hr_1erJanv[mm];Hm_1erJanv[mm];satisfactionHydrique[%];pluie[mm];irrigation[mm];sommeDegresJourCulture[°C]
2018;213;365;1_001;solnu;;233.23;0.0;221.93;29.3;0.0;24.2;49.27;0.0;0.0;-1.0;-1.0;0.0;399.12;0.0;0.0
2018;213;365;2_001;solnu;;233.89;0.0;221.23;29.36;0.0;24.57;50.02;0.0;0.0;-1.0;-1.0;0.0;399.12;0.0;0.0
2018;213;365;3_001;solnu;;232.09;0.0;222.83;30.84;0.0;24.39;49.02;0.0;0.0;-1.0;-1.0;0.0;399.12;0.0;0.0
2018;213;365;4_001;solnu;;232.7;0.0;222.11;31.2;0.0;24.83;49.68;0.0;0.0;-1.0;-1.0;0.0;399.12;0.0;0.0
2018;213;365;5_001;solnu;;232.38;0.0;222.46;30.65;0.0;24.41;49.36;0.0;0.0;-1.0;-1.0;0.0;399.12;0.0;0.0
2018;213;365;6_001;solnu;;232.74;0.0;222.07;30.81;0.0;24.64;49.58;0.0;0.0;-1.0;-1.0;0.0;399.12;0.0;0.0
2018;213;365;7_001;solnu;;232.38;0.0;222.46;30.65;0.0;24.41;49.36;0.0;0.0;-1.0;-1.0;0.0;399.12;0.0;0.0
2018;213;365;8_001;solnu;;232.74;0.0;222.07;30.81;0.0;24.64;49.58;0.0;0.0;-1.0;-1.0;0.0;399.12;0.0;0.0
2018;213;365;9_001;solnu;;232.74;0.0;222.07;30.81;0.0;24.64;49.58;0.0;0.0;-1.0;-1.0;0.0;399.12;0.0;0.0
2018;213;365;10_001;solnu;;232.74;0.0;222.07;30.81;0.0;24.64;49.58;0.0;0.0;-1.0;-1.0;0.0;399.12;0.0;0.0
2018;213;365;11_001;solnu;;232.38;0.0;222.46;30.65;0.0;24.41;49.36;0.0;0.0;-1.0;-1.0;0.0;399.12;0.0;0.0
2018;213;365;12_001;solnu;;232.74;0.0;222.07;30.81;0.0;24.64;49.58;0.0;0.0;-1.0;-1.0;0.0;399.12;0.0;0.0
2018;213;365;13_001;solnu;;232.38;0.0;222.46;30.65;0.0;24.41;49.36;0.0;0.0;-1.0;-1.0;0.0;399.12;0.0;0.0
2018;213;365;14_001;solnu;;232.74;0.0;222.07;30.81;0.0;24.64;49.58;0.0;0.0;-1.0;-1.0;0.0;399.12;0.0;0.0
2018;213;365;15_001;solnu;;232.74;0.0;222.07;30.81;0.0;24.64;49.58;0.0;0.0;-1.0;-1.0;0.0;399.12;0.0;0.0
2018;213;365;16_001;solnu;;232.38;0.0;222.46;30.65;0.0;24.41;49.36;0.0;0.0;-1.0;-1.0;0.0;399.12;0.0;0.0
2018;213;365;17_001;solnu;;232.74;0.0;222.07;30.81;0.0;24.64;49.58;0.0;0.0;-1.0;-1.0;0.0;399.12;0.0;0.0
2018;213;365;19_001;solnu;;233.23;0.0;221.93;29.3;0.0;24.2;49.27;0.0;0.0;-1.0;-1.0;0.0;399.12;0.0;0.0
2018;213;365;20_001;solnu;;233.89;0.0;221.23;29.36;0.0;24.57;50.02;0.0;0.0;-1.0;-1.0;0.0;399.12;0.0;0.0
2018;213;365;21_001;solnu;;232.38;0.0;222.46;30.65;0.0;24.41;49.36;0.0;0.0;-1.0;-1.0;0.0;399.12;0.0;0.0
2018;213;365;22_001;solnu;;232.74;0.0;222.07;30.81;0.0;24.64;49.58;0.0;0.0;-1.0;-1.0;0.0;399.12;0.0;0.0
2018;213;365;23_001;solnu;;232.38;0.0;222.46;30.65;0.0;24.41;49.36;0.0;0.0;-1.0;-1.0;0.0;399.12;0.0;0.0
2018;213;365;24_001;solnu;;232.74;0.0;222.07;30.81;0.0;24.64;49.58;0.0;0.0;-1.0;-1.0;0.0;399.12;0.0;0.0
2018;213;365;25_001;solnu;;233.23;0.0;221.93;29.3;0.0;24.2;49.27;0.0;0.0;-1.0;-1.0;0.0;399.12;0.0;0.0
2018;213;365;26_001;solnu;;233.89;0.0;221.23;29.36;0.0;24.57;50.02;0.0;0.0;-1.0;-1.0;0.0;399.12;0.0;0.0
2018;213;365;27_001;solnu;;232.74;0.0;222.07;30.81;0.0;24.64;49.58;0.0;0.0;-1.0;-1.0;0.0;399.12;0.0;0.0
2018;213;365;28_001;solnu;;232.38;0.0;222.46;30.65;0.0;24.41;49.36;0.0;0.0;-1.0;-1.0;0.0;399.12;0.0;0.0
2018;213;365;29_001;solnu;;232.74;0.0;222.07;30.81;0.0;24.64;49.58;0.0;0.0;-1.0;-1.0;0.0;399.12;0.0;0.0
2018;213;365;30_001;solnu;;232.38;0.0;222.46;30.65;0.0;24.41;49.36;0.0;0.0;-1.0;-1.0;0.0;399.12;0.0;0.0
2018;213;365;31_001;solnu;;232.74;0.0;222.07;30.81;0.0;24.64;49.58;0.0;0.0;-1.0;-1.0;0.0;399.12;0.0;0.0
2018;213;365;32_001;solnu;;232.38;0.0;222.46;30.65;0.0;24.41;49.36;0.0;0.0;-1.0;-1.0;0.0;399.12;0.0;0.0
2018;213;365;33_001;solnu;;232.74;0.0;222.07;30.81;0.0;24.64;49.58;0.0;0.0;-1.0;-1.0;0.0;399.12;0.0;0.0
2018;213;365;34_001;solnu;;232.38;0.0;222.46;30.65;0.0;24.41;49.36;0.0;0.0;-1.0;-1.0;0.0;399.12;0.0;0.0
2018;213;365;35_001;solnu;;232.74;0.0;222.07;30.81;0.0;24.64;49.58;0.0;0.0;-1.0;-1.0;0.0;399.12;0.0;0.0
2018;213;365;36_001;solnu;;232.38;0.0;222.46;30.65;0.0;24.41;49.36;0.0;0.0;-1.0;-1.0;0.0;399.12;0.0;0.0
2018;213;365;37_001;solnu;;232.74;0.0;222.07;30.81;0.0;24.64;49.58;0.0;0.0;-1.0;-1.0;0.0;399.12;0.0;0.0
2018;213;365;38_001;solnu;;232.38;0.0;222.46;30.65;0.0;24.41;49.36;0.0;0.0;-1.0;-1.0;0.0;399.12;0.0;0.0
2018;213;365;39_001;solnu;;232.74;0.0;222.07;30.81;0.0;24.64;49.58;0.0;0.0;-1.0;-1.0;0.0;399.12;0.0;0.0
2018;213;365;40_001;solnu;;232.38;0.0;222.46;30.65;0.0;24.41;49.36;0.0;0.0;-1.0;-1.0;0.0;399.12;0.0;0.0
2018;213;365;41_001;solnu;;232.74;0.0;222.07;30.81;0.0;24.64;49.58;0.0;0.0;-1.0;-1.0;0.0;399.12;0.0;0.0
2018;213;365;42_001;solnu;;232.09;0.0;222.83;30.84;0.0;24.39;49.02;0.0;0.0;-1.0;-1.0;0.0;399.12;0.0;0.0
2018;213;365;43_001;solnu;;232.7;0.0;222.11;31.2;0.0;24.83;49.68;0.0;0.0;-1.0;-1.0;0.0;399.12;0.0;0.0
2018;213;365;44_001;solnu;;232.09;0.0;222.83;30.84;0.0;24.39;49.02;0.0;0.0;-1.0;-1.0;0.0;399.12;0.0;0.0
2018;213;365;45_001;solnu;;232.7;0.0;222.11;31.2;0.0;24.83;49.68;0.0;0.0;-1.0;-1.0;0.0;399.12;0.0;0.0
2018;213;365;46_001;solnu;;232.09;0.0;222.83;30.84;0.0;24.39;49.02;0.0;0.0;-1.0;-1.0;0.0;399.12;0.0;0.0
2018;213;365;47_001;solnu;;232.7;0.0;222.11;31.2;0.0;24.83;49.68;0.0;0.0;-1.0;-1.0;0.0;399.12;0.0;0.0
2018;213;365;48_001;solnu;;232.09;0.0;222.83;30.84;0.0;24.39;49.02;0.0;0.0;-1.0;-1.0;0.0;399.12;0.0;0.0
2018;213;365;49_001;solnu;;232.7;0.0;222.11;31.2;0.0;24.83;49.68;0.0;0.0;-1.0;-1.0;0.0;399.12;0.0;0.0
2018;213;365;50_001;solnu;;232.38;0.0;222.46;30.65;0.0;24.41;49.36;0.0;0.0;-1.0;-1.0;0.0;399.12;0.0;0.0
2018;213;365;51_001;solnu;;232.74;0.0;222.07;30.81;0.0;24.64;49.58;0.0;0.0;-1.0;-1.0;0.0;399.12;0.0;0.0
2018;213;365;52_001;solnu;;233.23;0.0;221.93;29.3;0.0;24.2;49.27;0.0;0.0;-1.0;-1.0;0.0;399.12;0.0;0.0
2018;213;365;53_001;solnu;;233.89;0.0;221.23;29.36;0.0;24.57;50.02;0.0;0.0;-1.0;-1.0;0.0;399.12;0.0;0.0
2018;213;365;54_001;solnu;;233.23;0.0;221.93;29.3;0.0;24.2;49.27;0.0;0.0;-1.0;-1.0;0.0;399.12;0.0;0.0
2018;213;365;55_001;solnu;;233.89;0.0;221.23;29.36;0.0;24.57;50.02;0.0;0.0;-1.0;-1.0;0.0;399.12;0.0;0.0
2018;213;365;56_001;solnu;;232.38;0.0;222.46;30.65;0.0;24.41;49.36;0.0;0.0;-1.0;-1.0;0.0;399.12;0.0;0.0
2018;213;365;57_001;solnu;;232.74;0.0;222.07;30.81;0.0;24.64;49.58;0.0;0.0;-1.0;-1.0;0.0;399.12;0.0;0.0
2018;213;365;58_001;solnu;;232.38;0.0;222.46;30.65;0.0;24.41;49.36;0.0;0.0;-1.0;-1.0;0.0;399.12;0.0;0.0
2018;213;365;59_001;solnu;;232.74;0.0;222.07;30.81;0.0;24.64;49.58;0.0;0.0;-1.0;-1.0;0.0;399.12;0.0;0.0
2018;213;365;60_001;solnu;;232.38;0.0;222.46;30.65;0.0;24.41;49.36;0.0;0.0;-1.0;-1.0;0.0;399.12;0.0;0.0
2018;213;365;61_001;solnu;;232.74;0.0;222.07;30.81;0.0;24.64;49.58;0.0;0.0;-1.0;-1.0;0.0;399.12;0.0;0.0
2018;213;365;62_001;solnu;;232.38;0.0;222.46;30.65;0.0;24.41;49.36;0.0;0.0;-1.0;-1.0;0.0;399.12;0.0;0.0
2018;213;365;63_001;solnu;;232.74;0.0;222.07;30.81;0.0;24.64;49.58;0.0;0.0;-1.0;-1.0;0.0;399.12;0.0;0.0
2018;213;365;64_001;solnu;;232.09;0.0;222.83;30.84;0.0;24.39;49.02;0.0;0.0;-1.0;-1.0;0.0;399.12;0.0;0.0
2018;213;365;65_001;solnu;;232.7;0.0;222.11;31.2;0.0;24.83;49.68;0.0;0.0;-1.0;-1.0;0.0;399.12;0.0;0.0
2018;213;365;66_001;solnu;;232.38;0.0;222.46;30.65;0.0;24.41;49.36;0.0;0.0;-1.0;-1.0;0.0;399.12;0.0;0.0
2018;213;365;67_001;solnu;;232.74;0.0;222.07;30.81;0.0;24.64;49.58;0.0;0.0;-1.0;-1.0;0.0;399.12;0.0;0.0
2018;213;365;68_001;solnu;;232.74;0.0;222.07;30.81;0.0;24.64;49.58;0.0;0.0;-1.0;-1.0;0.0;399.12;0.0;0.0
2018;213;365;69_001;solnu;;232.09;0.0;222.83;30.84;0.0;24.39;49.02;0.0;0.0;-1.0;-1.0;0.0;399.12;0.0;0.0
2018;213;365;70_001;solnu;;232.7;0.0;222.11;31.2;0.0;24.83;49.68;0.0;0.0;-1.0;-1.0;0.0;399.12;0.0;0.0
2018;213;365;71_001;solnu;;233.23;0.0;221.93;29.3;0.0;24.2;49.27;0.0;0.0;-1.0;-1.0;0.0;399.12;0.0;0.0
2018;213;365;72_001;solnu;;233.89;0.0;221.23;29.36;0.0;24.57;50.02;0.0;0.0;-1.0;-1.0;0.0;399.12;0.0;0.0
2018;213;365;73_001;solnu;;233.23;0.0;221.93;29.3;0.0;24.2;49.27;0.0;0.0;-1.0;-1.0;0.0;399.12;0.0;0.0
2018;213;365;74_001;solnu;;233.89;0.0;221.23;29.36;0.0;24.57;50.02;0.0;0.0;-1.0;-1.0;0.0;399.12;0.0;0.0
2018;213;365;75_001;solnu;;232.38;0.0;222.46;30.65;0.0;24.41;49.36;0.0;0.0;-1.0;-1.0;0.0;399.12;0.0;0.0
2018;213;365;76_001;solnu;;232.74;0.0;222.07;30.81;0.0;24.64;49.58;0.0;0.0;-1.0;-1.0;0.0;399.12;0.0;0.0
2018;213;365;77_001;solnu;;232.38;0.0;222.46;30.65;0.0;24.41;49.36;0.0;0.0;-1.0;-1.0;0.0;399.12;0.0;0.0
2018;213;365;78_001;solnu;;232.74;0.0;222.07;30.81;0.0;24.64;49.58;0.0;0.0;-1.0;-1.0;0.0;399.12;0.0;0.0
2018;213;365;79_001;solnu;;232.38;0.0;222.46;30.65;0.0;24.41;49.36;0.0;0.0;-1.0;-1.0;0.0;399.12;0.0;0.0
2018;213;365;80_001;solnu;;232.74;0.0;222.07;30.81;0.0;24.64;49.58;0.0;0.0;-1.0;-1.0;0.0;399.12;0.0;0.0
2018;213;365;81_001;solnu;;232.38;0.0;222.46;30.65;0.0;24.41;49.36;0.0;0.0;-1.0;-1.0;0.0;399.12;0.0;0.0
2018;213;365;82_001;solnu;;232.74;0.0;222.07;30.81;0.0;24.64;49.58;0.0;0.0;-1.0;-1.0;0.0;399.12;0.0;0.0
2018;213;365;83_001;solnu;;232.38;0.0;222.46;30.65;0.0;24.41;49.36;0.0;0.0;-1.0;-1.0;0.0;399.12;0.0;0.0
2018;213;365;84_001;solnu;;232.74;0.0;222.07;30.81;0.0;24.64;49.58;0.0;0.0;-1.0;-1.0;0.0;399.12;0.0;0.0
2018;213;365;85_001;solnu;;232.38;0.0;222.46;30.65;0.0;24.41;49.36;0.0;0.0;-1.0;-1.0;0.0;399.12;0.0;0.0
2018;213;365;86_001;solnu;;232.74;0.0;222.07;30.81;0.0;24.64;49.58;0.0;0.0;-1.0;-1.0;0.0;399.12;0.0;0.0
2018;213;365;87_001;solnu;;232.38;0.0;222.46;30.65;0.0;24.41;49.36;0.0;0.0;-1.0;-1.0;0.0;399.12;0.0;0.0
2018;213;365;88_001;solnu;;232.74;0.0;222.07;30.81;0.0;24.64;49.58;0.0;0.0;-1.0;-1.0;0.0;399.12;0.0;0.0
2018;213;365;89_001;solnu;;232.09;0.0;222.83;30.84;0.0;24.39;49.02;0.0;0.0;-1.0;-1.0;0.0;399.12;0.0;0.0
2018;213;365;90_001;solnu;;232.7;0.0;222.11;31.2;0.0;24.83;49.68;0.0;0.0;-1.0;-1.0;0.0;399.12;0.0;0.0
2018;213;365;91_001;solnu;;232.38;0.0;222.46;30.65;0.0;24.41;49.36;0.0;0.0;-1.0;-1.0;0.0;399.12;0.0;0.0
2018;213;365;92_001;solnu;;232.74;0.0;222.07;30.81;0.0;24.64;49.58;0.0;0.0;-1.0;-1.0;0.0;399.12;0.0;0.0
2018;213;365;93_001;solnu;;232.38;0.0;222.46;30.65;0.0;24.41;49.36;0.0;0.0;-1.0;-1.0;0.0;399.12;0.0;0.0
2018;213;365;94_001;solnu;;232.74;0.0;222.07;30.81;0.0;24.64;49.58;0.0;0.0;-1.0;-1.0;0.0;399.12;0.0;0.0
2018;213;365;95_001;solnu;;232.09;0.0;222.83;30.84;0.0;24.39;49.02;0.0;0.0;-1.0;-1.0;0.0;399.12;0.0;0.0
2018;213;365;96_001;solnu;;232.7;0.0;222.11;31.2;0.0;24.83;49.68;0.0;0.0;-1.0;-1.0;0.0;399.12;0.0;0.0
2018;213;365;97_001;solnu;;232.38;0.0;222.46;30.65;0.0;24.41;49.36;0.0;0.0;-1.0;-1.0;0.0;399.12;0.0;0.0
2018;213;365;98_001;solnu;;232.74;0.0;222.07;30.81;0.0;24.64;49.58;0.0;0.0;-1.0;-1.0;0.0;399.12;0.0;0.0
2018;213;365;99_001;solnu;;232.38;0.0;222.46;30.65;0.0;24.41;49.36;0.0;0.0;-1.0;-1.0;0.0;399.12;0.0;0.0
2018;213;365;100_001;solnu;;232.74;0.0;222.07;30.81;0.0;24.64;49.58;0.0;0.0;-1.0;-1.0;0.0;399.12;0.0;0.0
2018;213;365;101_001;solnu;;232.74;0.0;222.07;30.81;0.0;24.64;49.58;0.0;0.0;-1.0;-1.0;0.0;399.12;0.0;0.0
2018;213;365;102_001;solnu;;232.38;0.0;222.46;30.65;0.0;24.41;49.36;0.0;0.0;-1.0;-1.0;0.0;399.12;0.0;0.0
2018;213;365;103_001;solnu;;232.74;0.0;222.07;30.81;0.0;24.64;49.58;0.0;0.0;-1.0;-1.0;0.0;399.12;0.0;0.0
2018;213;365;104_001;solnu;;232.09;0.0;222.83;30.84;0.0;24.39;49.02;0.0;0.0;-1.0;-1.0;0.0;399.12;0.0;0.0
2018;213;365;105_001;solnu;;232.7;0.0;222.11;31.2;0.0;24.83;49.68;0.0;0.0;-1.0;-1.0;0.0;399.12;0.0;0.0
2018;213;365;106_001;solnu;;236.12;0.0;219.0;29.94;0.0;25.95;51.98;0.0;0.0;-1.0;-1.0;0.0;399.12;0.0;0.0
2018;213;365;107_001;solnu;;235.46;0.0;219.57;29.77;0.0;25.54;51.73;0.0;0.0;-1.0;-1.0;0.0;399.12;0.0;0.0
2018;213;365;108_001;solnu;;235.46;0.0;219.57;29.77;0.0;25.54;51.73;0.0;0.0;-1.0;-1.0;0.0;399.12;0.0;0.0
2018;213;365;109_001;solnu;;232.74;0.0;222.07;30.81;0.0;24.64;49.58;0.0;0.0;-1.0;-1.0;0.0;399.12;0.0;0.0
2018;213;365;110_001;solnu;;232.74;0.0;222.07;30.81;0.0;24.64;49.58;0.0;0.0;-1.0;-1.0;0.0;399.12;0.0;0.0
2018;213;365;111_001;solnu;;232.74;0.0;222.07;30.81;0.0;24.64;49.58;0.0;0.0;-1.0;-1.0;0.0;399.12;0.0;0.0
2018;213;365;112_001;solnu;;233.23;0.0;221.93;29.3;0.0;24.2;49.27;0.0;0.0;-1.0;-1.0;0.0;399.12;0.0;0.0
2018;213;365;113_001;solnu;;233.89;0.0;221.23;29.36;0.0;24.57;50.02;0.0;0.0;-1.0;-1.0;0.0;399.12;0.0;0.0
2018;213;365;114_001;solnu;;232.38;0.0;222.46;30.65;0.0;24.41;49.36;0.0;0.0;-1.0;-1.0;0.0;399.12;0.0;0.0
2018;213;365;115_001;solnu;;232.74;0.0;222.07;30.81;0.0;24.64;49.58;0.0;0.0;-1.0;-1.0;0.0;399.12;0.0;0.0
2018;213;365;116_001;solnu;;232.38;0.0;222.46;30.65;0.0;24.41;49.36;0.0;0.0;-1.0;-1.0;0.0;399.12;0.0;0.0
2018;213;365;117_001;solnu;;232.74;0.0;222.07;30.81;0.0;24.64;49.58;0.0;0.0;-1.0;-1.0;0.0;399.12;0.0;0.0
2018;213;365;118_001;solnu;;232.38;0.0;222.46;30.65;0.0;24.41;49.36;0.0;0.0;-1.0;-1.0;0.0;399.12;0.0;0.0
2018;213;365;119_001;solnu;;232.74;0.0;222.07;30.81;0.0;24.64;49.58;0.0;0.0;-1.0;-1.0;0.0;399.12;0.0;0.0
2018;213;365;120_001;solnu;;233.23;0.0;221.93;29.3;0.0;24.2;49.27;0.0;0.0;-1.0;-1.0;0.0;399.12;0.0;0.0
2018;213;365;121_001;solnu;;233.89;0.0;221.23;29.36;0.0;24.57;50.02;0.0;0.0;-1.0;-1.0;0.0;399.12;0.0;0.0
2018;213;365;122_001;solnu;;233.23;0.0;221.93;29.3;0.0;24.2;49.27;0.0;0.0;-1.0;-1.0;0.0;399.12;0.0;0.0
2018;213;365;123_001;solnu;;233.89;0.0;221.23;29.36;0.0;24.57;50.02;0.0;0.0;-1.0;-1.0;0.0;399.12;0.0;0.0
2018;213;365;124_001;solnu;;232.74;0.0;222.07;30.81;0.0;24.64;49.58;0.0;0.0;-1.0;-1.0;0.0;399.12;0.0;0.0
2018;213;365;125_001;solnu;;232.38;0.0;222.46;30.65;0.0;24.41;49.36;0.0;0.0;-1.0;-1.0;0.0;399.12;0.0;0.0
2018;213;365;126_001;solnu;;232.74;0.0;222.07;30.81;0.0;24.64;49.58;0.0;0.0;-1.0;-1.0;0.0;399.12;0.0;0.0
2018;213;365;127_001;solnu;;232.74;0.0;222.07;30.81;0.0;24.64;49.58;0.0;0.0;-1.0;-1.0;0.0;399.12;0.0;0.0
2018;213;365;128_001;solnu;;232.74;0.0;222.07;30.81;0.0;24.64;49.58;0.0;0.0;-1.0;-1.0;0.0;399.12;0.0;0.0
2018;213;365;129_001;solnu;;232.38;0.0;222.46;30.65;0.0;24.41;49.36;0.0;0.0;-1.0;-1.0;0.0;399.12;0.0;0.0
2018;213;365;130_001;solnu;;232.74;0.0;222.07;30.81;0.0;24.64;49.58;0.0;0.0;-1.0;-1.0;0.0;399.12;0.0;0.0
2018;213;365;131_001;solnu;;232.74;0.0;222.07;30.81;0.0;24.64;49.58;0.0;0.0;-1.0;-1.0;0.0;399.12;0.0;0.0
2018;213;365;132_001;solnu;;232.38;0.0;222.46;30.65;0.0;24.41;49.36;0.0;0.0;-1.0;-1.0;0.0;399.12;0.0;0.0
2018;213;365;133_001;solnu;;232.74;0.0;222.07;30.81;0.0;24.64;49.58;0.0;0.0;-1.0;-1.0;0.0;399.12;0.0;0.0
2018;213;365;134_001;solnu;;232.38;0.0;222.46;30.65;0.0;24.41;49.36;0.0;0.0;-1.0;-1.0;0.0;399.12;0.0;0.0
2018;213;365;135_001;solnu;;232.74;0.0;222.07;30.81;0.0;24.64;49.58;0.0;0.0;-1.0;-1.0;0.0;399.12;0.0;0.0
2018;213;365;136_001;solnu;;232.38;0.0;222.46;30.65;0.0;24.41;49.36;0.0;0.0;-1.0;-1.0;0.0;399.12;0.0;0.0
2018;213;365;137_001;solnu;;232.74;0.0;222.07;30.81;0.0;24.64;49.58;0.0;0.0;-1.0;-1.0;0.0;399.12;0.0;0.0
2018;213;365;138_001;solnu;;232.38;0.0;222.46;30.65;0.0;24.41;49.36;0.0;0.0;-1.0;-1.0;0.0;399.12;0.0;0.0
2018;213;365;139_001;solnu;;232.74;0.0;222.07;30.81;0.0;24.64;49.58;0.0;0.0;-1.0;-1.0;0.0;399.12;0.0;0.0
2018;213;365;140_001;solnu;;232.38;0.0;222.46;30.65;0.0;24.41;49.36;0.0;0.0;-1.0;-1.0;0.0;399.12;0.0;0.0
2018;213;365;141_001;solnu;;232.74;0.0;222.07;30.81;0.0;24.64;49.58;0.0;0.0;-1.0;-1.0;0.0;399.12;0.0;0.0
2018;213;365;142_001;solnu;;232.38;0.0;222.46;30.65;0.0;24.41;49.36;0.0;0.0;-1.0;-1.0;0.0;399.12;0.0;0.0
2018;213;365;143_001;solnu;;232.74;0.0;222.07;30.81;0.0;24.64;49.58;0.0;0.0;-1.0;-1.0;0.0;399.12;0.0;0.0
2018;213;365;144_001;solnu;;232.09;0.0;222.83;30.84;0.0;24.39;49.02;0.0;0.0;-1.0;-1.0;0.0;399.12;0.0;0.0
2018;213;365;145_001;solnu;;232.7;0.0;222.11;31.2;0.0;24.83;49.68;0.0;0.0;-1.0;-1.0;0.0;399.12;0.0;0.0
2018;213;365;146_001;solnu;;232.7;0.0;222.11;31.2;0.0;24.83;49.68;0.0;0.0;-1.0;-1.0;0.0;399.12;0.0;0.0
2018;213;365;147_001;solnu;;232.09;0.0;222.83;30.84;0.0;24.39;49.02;0.0;0.0;-1.0;-1.0;0.0;399.12;0.0;0.0
2018;213;365;148_001;solnu;;232.7;0.0;222.11;31.2;0.0;24.83;49.68;0.0;0.0;-1.0;-1.0;0.0;399.12;0.0;0.0
2018;213;365;149_001;solnu;;232.38;0.0;222.46;30.65;0.0;24.41;49.36;0.0;0.0;-1.0;-1.0;0.0;399.12;0.0;0.0
2018;213;365;150_001;solnu;;232.74;0.0;222.07;30.81;0.0;24.64;49.58;0.0;0.0;-1.0;-1.0;0.0;399.12;0.0;0.0
2018;213;365;153_001;solnu;;232.38;0.0;222.46;30.65;0.0;24.41;49.36;0.0;0.0;-1.0;-1.0;0.0;399.12;0.0;0.0
2018;213;365;154_001;solnu;;232.74;0.0;222.07;30.81;0.0;24.64;49.58;0.0;0.0;-1.0;-1.0;0.0;399.12;0.0;0.0
2018;213;365;155_001;solnu;;232.74;0.0;222.07;30.81;0.0;24.64;49.58;0.0;0.0;-1.0;-1.0;0.0;399.12;0.0;0.0
2018;213;365;156_001;solnu;;232.74;0.0;222.07;30.81;0.0;24.64;49.58;0.0;0.0;-1.0;-1.0;0.0;399.12;0.0;0.0
2018;213;365;157_001;solnu;;232.38;0.0;222.46;30.65;0.0;24.41;49.36;0.0;0.0;-1.0;-1.0;0.0;399.12;0.0;0.0
2018;213;365;158_001;solnu;;232.74;0.0;222.07;30.81;0.0;24.64;49.58;0.0;0.0;-1.0;-1.0;0.0;399.12;0.0;0.0
2018;213;365;159_001;solnu;;232.38;0.0;222.46;30.65;0.0;24.41;49.36;0.0;0.0;-1.0;-1.0;0.0;399.12;0.0;0.0
2018;213;365;160_001;solnu;;232.74;0.0;222.07;30.81;0.0;24.64;49.58;0.0;0.0;-1.0;-1.0;0.0;399.12;0.0;0.0
2018;213;365;161_001;solnu;;232.38;0.0;222.46;30.65;0.0;24.41;49.36;0.0;0.0;-1.0;-1.0;0.0;399.12;0.0;0.0
2018;213;365;162_001;solnu;;232.74;0.0;222.07;30.81;0.0;24.64;49.58;0.0;0.0;-1.0;-1.0;0.0;399.12;0.0;0.0
2018;213;365;163_001;solnu;;232.38;0.0;222.46;30.65;0.0;24.41;49.36;0.0;0.0;-1.0;-1.0;0.0;399.12;0.0;0.0
2018;213;365;164_001;solnu;;232.74;0.0;222.07;30.81;0.0;24.64;49.58;0.0;0.0;-1.0;-1.0;0.0;399.12;0.0;0.0
2018;213;365;165_001;solnu;;232.38;0.0;222.46;30.65;0.0;24.41;49.36;0.0;0.0;-1.0;-1.0;0.0;399.12;0.0;0.0
2018;213;365;166_001;solnu;;232.74;0.0;222.07;30.81;0.0;24.64;49.58;0.0;0.0;-1.0;-1.0;0.0;399.12;0.0;0.0
2018;213;365;167_001;solnu;;232.38;0.0;222.46;30.65;0.0;24.41;49.36;0.0;0.0;-1.0;-1.0;0.0;399.12;0.0;0.0
2018;213;365;168_001;solnu;;232.74;0.0;222.07;30.81;0.0;24.64;49.58;0.0;0.0;-1.0;-1.0;0.0;399.12;0.0;0.0
2018;213;365;169_001;solnu;;233.23;0.0;221.93;29.3;0.0;24.2;49.27;0.0;0.0;-1.0;-1.0;0.0;399.12;0.0;0.0
2018;213;365;170_001;solnu;;233.89;0.0;221.23;29.36;0.0;24.57;50.02;0.0;0.0;-1.0;-1.0;0.0;399.12;0.0;0.0
2018;213;365;171_001;solnu;;233.89;0.0;221.23;29.36;0.0;24.57;50.02;0.0;0.0;-1.0;-1.0;0.0;399.12;0.0;0.0
2018;213;365;172_001;solnu;;232.38;0.0;222.46;30.65;0.0;24.41;49.36;0.0;0.0;-1.0;-1.0;0.0;399.12;0.0;0.0
2018;213;365;173_001;solnu;;232.74;0.0;222.07;30.81;0.0;24.64;49.58;0.0;0.0;-1.0;-1.0;0.0;399.12;0.0;0.0
2018;213;365;174_001;solnu;;232.38;0.0;222.46;30.65;0.0;24.41;49.36;0.0;0.0;-1.0;-1.0;0.0;399.12;0.0;0.0
2018;213;365;175_001;solnu;;232.74;0.0;222.07;30.81;0.0;24.64;49.58;0.0;0.0;-1.0;-1.0;0.0;399.12;0.0;0.0
2018;213;365;176_001;solnu;;232.38;0.0;222.46;30.65;0.0;24.41;49.36;0.0;0.0;-1.0;-1.0;0.0;399.12;0.0;0.0
2018;213;365;177_001;solnu;;232.74;0.0;222.07;30.81;0.0;24.64;49.58;0.0;0.0;-1.0;-1.0;0.0;399.12;0.0;0.0
2018;213;365;178_001;solnu;;232.09;0.0;222.83;30.84;0.0;24.39;49.02;0.0;0.0;-1.0;-1.0;0.0;399.12;0.0;0.0
2018;213;365;179_001;solnu;;232.7;0.0;222.11;31.2;0.0;24.83;49.68;0.0;0.0;-1.0;-1.0;0.0;399.12;0.0;0.0
2018;213;365;180_001;solnu;;233.23;0.0;221.93;29.3;0.0;24.2;49.27;0.0;0.0;-1.0;-1.0;0.0;399.12;0.0;0.0
2018;213;365;181_001;solnu;;233.89;0.0;221.23;29.36;0.0;24.57;50.02;0.0;0.0;-1.0;-1.0;0.0;399.12;0.0;0.0
2018;213;365;182_001;solnu;;232.38;0.0;222.46;30.65;0.0;24.41;49.36;0.0;0.0;-1.0;-1.0;0.0;399.12;0.0;0.0
2018;213;365;183_001;solnu;;232.74;0.0;222.07;30.81;0.0;24.64;49.58;0.0;0.0;-1.0;-1.0;0.0;399.12;0.0;0.0
2018;213;365;184_001;solnu;;232.38;0.0;222.46;30.65;0.0;24.41;49.36;0.0;0.0;-1.0;-1.0;0.0;399.12;0.0;0.0
2018;213;365;185_001;solnu;;232.74;0.0;222.07;30.81;0.0;24.64;49.58;0.0;0.0;-1.0;-1.0;0.0;399.12;0.0;0.0
2018;213;365;186_001;solnu;;233.23;0.0;221.93;29.3;0.0;24.2;49.27;0.0;0.0;-1.0;-1.0;0.0;399.12;0.0;0.0
2018;213;365;187_001;solnu;;233.89;0.0;221.23;29.36;0.0;24.57;50.02;0.0;0.0;-1.0;-1.0;0.0;399.12;0.0;0.0
2018;213;365;188_001;solnu;;232.74;0.0;222.07;30.81;0.0;24.64;49.58;0.0;0.0;-1.0;-1.0;0.0;399.12;0.0;0.0
2018;213;365;189_001;solnu;;232.74;0.0;222.07;30.81;0.0;24.64;49.58;0.0;0.0;-1.0;-1.0;0.0;399.12;0.0;0.0
2018;213;365;190_001;solnu;;232.38;0.0;222.46;30.65;0.0;24.41;49.36;0.0;0.0;-1.0;-1.0;0.0;399.12;0.0;0.0
2018;213;365;191_001;solnu;;232.74;0.0;222.07;30.81;0.0;24.64;49.58;0.0;0.0;-1.0;-1.0;0.0;399.12;0.0;0.0
2018;213;365;192_001;solnu;;232.74;0.0;222.07;30.81;0.0;24.64;49.58;0.0;0.0;-1.0;-1.0;0.0;399.12;0.0;0.0
2018;213;365;193_001;solnu;;232.09;0.0;222.83;30.84;0.0;24.39;49.02;0.0;0.0;-1.0;-1.0;0.0;399.12;0.0;0.0
2018;213;365;194_001;solnu;;232.7;0.0;222.11;31.2;0.0;24.83;49.68;0.0;0.0;-1.0;-1.0;0.0;399.12;0.0;0.0
2018;213;365;195_001;solnu;;233.23;0.0;221.93;29.3;0.0;24.2;49.27;0.0;0.0;-1.0;-1.0;0.0;399.12;0.0;0.0
2018;213;365;196_001;solnu;;233.89;0.0;221.23;29.36;0.0;24.57;50.02;0.0;0.0;-1.0;-1.0;0.0;399.12;0.0;0.0
2018;213;365;197_001;solnu;;232.09;0.0;222.83;30.84;0.0;24.39;49.02;0.0;0.0;-1.0;-1.0;0.0;399.12;0.0;0.0
2018;213;365;198_001;solnu;;232.7;0.0;222.11;31.2;0.0;24.83;49.68;0.0;0.0;-1.0;-1.0;0.0;399.12;0.0;0.0
2018;213;365;199_001;solnu;;232.7;0.0;222.11;31.2;0.0;24.83;49.68;0.0;0.0;-1.0;-1.0;0.0;399.12;0.0;0.0
2018;213;365;200_001;solnu;;232.38;0.0;222.46;30.65;0.0;24.41;49.36;0.0;0.0;-1.0;-1.0;0.0;399.12;0.0;0.0
2018;213;365;201_001;solnu;;232.74;0.0;222.07;30.81;0.0;24.64;49.58;0.0;0.0;-1.0;-1.0;0.0;399.12;0.0;0.0
2018;213;365;202_001;solnu;;232.74;0.0;222.07;30.81;0.0;24.64;49.58;0.0;0.0;-1.0;-1.0;0.0;399.12;0.0;0.0
2018;213;365;203_001;solnu;;232.74;0.0;222.07;30.81;0.0;24.64;49.58;0.0;0.0;-1.0;-1.0;0.0;399.12;0.0;0.0
2018;213;365;204_001;solnu;;233.23;0.0;221.93;29.3;0.0;24.2;49.27;0.0;0.0;-1.0;-1.0;0.0;399.12;0.0;0.0
2018;213;365;205_001;solnu;;233.89;0.0;221.23;29.36;0.0;24.57;50.02;0.0;0.0;-1.0;-1.0;0.0;399.12;0.0;0.0
2018;213;365;206_001;solnu;;233.23;0.0;221.93;29.3;0.0;24.2;49.27;0.0;0.0;-1.0;-1.0;0.0;399.12;0.0;0.0
2018;213;365;207_001;solnu;;233.89;0.0;221.23;29.36;0.0;24.57;50.02;0.0;0.0;-1.0;-1.0;0.0;399.12;0.0;0.0
2018;213;365;208_001;solnu;;233.23;0.0;221.93;29.3;0.0;24.2;49.27;0.0;0.0;-1.0;-1.0;0.0;399.12;0.0;0.0
2018;213;365;209_001;solnu;;233.89;0.0;221.23;29.36;0.0;24.57;50.02;0.0;0.0;-1.0;-1.0;0.0;399.12;0.0;0.0
2018;213;365;210_001;solnu;;232.09;0.0;222.83;30.84;0.0;24.39;49.02;0.0;0.0;-1.0;-1.0;0.0;399.12;0.0;0.0
2018;213;365;211_001;solnu;;232.7;0.0;222.11;31.2;0.0;24.83;49.68;0.0;0.0;-1.0;-1.0;0.0;399.12;0.0;0.0
2018;213;365;212_001;solnu;;232.09;0.0;222.83;30.84;0.0;24.39;49.02;0.0;0.0;-1.0;-1.0;0.0;399.12;0.0;0.0
2018;213;365;213_001;solnu;;232.7;0.0;222.11;31.2;0.0;24.83;49.68;0.0;0.0;-1.0;-1.0;0.0;399.12;0.0;0.0
2018;213;365;214_001;solnu;;232.38;0.0;222.46;30.65;0.0;24.41;49.36;0.0;0.0;-1.0;-1.0;0.0;399.12;0.0;0.0
2018;213;365;215_001;solnu;;232.74;0.0;222.07;30.81;0.0;24.64;49.58;0.0;0.0;-1.0;-1.0;0.0;399.12;0.0;0.0
2018;213;365;216_001;solnu;;232.09;0.0;222.83;30.84;0.0;24.39;49.02;0.0;0.0;-1.0;-1.0;0.0;399.12;0.0;0.0
2018;213;365;217_001;solnu;;232.7;0.0;222.11;31.2;0.0;24.83;49.68;0.0;0.0;-1.0;-1.0;0.0;399.12;0.0;0.0
2018;213;365;218_001;solnu;;236.12;0.0;219.0;29.94;0.0;25.95;51.98;0.0;0.0;-1.0;-1.0;0.0;399.12;0.0;0.0
2018;213;365;219_001;solnu;;235.46;0.0;219.57;29.77;0.0;25.54;51.73;0.0;0.0;-1.0;-1.0;0.0;399.12;0.0;0.0
2018;213;365;220_001;solnu;;236.12;0.0;219.0;29.94;0.0;25.95;51.98;0.0;0.0;-1.0;-1.0;0.0;399.12;0.0;0.0
2018;213;365;221_001;solnu;;235.46;0.0;219.57;29.77;0.0;25.54;51.73;0.0;0.0;-1.0;-1.0;0.0;399.12;0.0;0.0
2018;213;365;222_001;solnu;;232.09;0.0;222.83;30.84;0.0;24.39;49.02;0.0;0.0;-1.0;-1.0;0.0;399.12;0.0;0.0
2018;213;365;223_001;solnu;;232.7;0.0;222.11;31.2;0.0;24.83;49.68;0.0;0.0;-1.0;-1.0;0.0;399.12;0.0;0.0
2018;213;365;224_001;solnu;;232.38;0.0;222.46;30.65;0.0;24.41;49.36;0.0;0.0;-1.0;-1.0;0.0;399.12;0.0;0.0
2018;213;365;225_001;solnu;;232.74;0.0;222.07;30.81;0.0;24.64;49.58;0.0;0.0;-1.0;-1.0;0.0;399.12;0.0;0.0
2018;213;365;226_001;solnu;;232.38;0.0;222.46;30.65;0.0;24.41;49.36;0.0;0.0;-1.0;-1.0;0.0;399.12;0.0;0.0
2018;213;365;227_001;solnu;;232.74;0.0;222.07;30.81;0.0;24.64;49.58;0.0;0.0;-1.0;-1.0;0.0;399.12;0.0;0.0
2018;213;365;228_001;solnu;;232.38;0.0;222.46;30.65;0.0;24.41;49.36;0.0;0.0;-1.0;-1.0;0.0;399.12;0.0;0.0
2018;213;365;229_001;solnu;;232.74;0.0;222.07;30.81;0.0;24.64;49.58;0.0;0.0;-1.0;-1.0;0.0;399.12;0.0;0.0
2018;213;365;230_001;solnu;;232.38;0.0;222.46;30.65;0.0;24.41;49.36;0.0;0.0;-1.0;-1.0;0.0;399.12;0.0;0.0
2018;213;365;231_001;solnu;;232.74;0.0;222.07;30.81;0.0;24.64;49.58;0.0;0.0;-1.0;-1.0;0.0;399.12;0.0;0.0
2018;213;365;232_001;solnu;;232.38;0.0;222.46;30.65;0.0;24.41;49.36;0.0;0.0;-1.0;-1.0;0.0;399.12;0.0;0.0
2018;213;365;233_001;solnu;;232.74;0.0;222.07;30.81;0.0;24.64;49.58;0.0;0.0;-1.0;-1.0;0.0;399.12;0.0;0.0
2018;213;365;234_001;solnu;;233.23;0.0;221.93;29.3;0.0;24.2;49.27;0.0;0.0;-1.0;-1.0;0.0;399.12;0.0;0.0
2018;213;365;235_001;solnu;;233.89;0.0;221.23;29.36;0.0;24.57;50.02;0.0;0.0;-1.0;-1.0;0.0;399.12;0.0;0.0
2018;213;365;236_001;solnu;;232.38;0.0;222.46;30.65;0.0;24.41;49.36;0.0;0.0;-1.0;-1.0;0.0;399.12;0.0;0.0
2018;213;365;237_001;solnu;;232.74;0.0;222.07;30.81;0.0;24.64;49.58;0.0;0.0;-1.0;-1.0;0.0;399.12;0.0;0.0
2018;213;365;238_001;solnu;;232.38;0.0;222.46;30.65;0.0;24.41;49.36;0.0;0.0;-1.0;-1.0;0.0;399.12;0.0;0.0
2018;213;365;239_001;solnu;;232.74;0.0;222.07;30.81;0.0;24.64;49.58;0.0;0.0;-1.0;-1.0;0.0;399.12;0.0;0.0
2018;213;365;240_001;solnu;;232.38;0.0;222.46;30.65;0.0;24.41;49.36;0.0;0.0;-1.0;-1.0;0.0;399.12;0.0;0.0
2018;213;365;241_001;solnu;;232.74;0.0;222.07;30.81;0.0;24.64;49.58;0.0;0.0;-1.0;-1.0;0.0;399.12;0.0;0.0
2018;213;365;242_001;solnu;;232.38;0.0;222.46;30.65;0.0;24.41;49.36;0.0;0.0;-1.0;-1.0;0.0;399.12;0.0;0.0
2018;213;365;243_001;solnu;;232.74;0.0;222.07;30.81;0.0;24.64;49.58;0.0;0.0;-1.0;-1.0;0.0;399.12;0.0;0.0
2018;213;365;244_001;solnu;;232.38;0.0;222.46;30.65;0.0;24.41;49.36;0.0;0.0;-1.0;-1.0;0.0;399.12;0.0;0.0
2018;213;365;245_001;solnu;;232.74;0.0;222.07;30.81;0.0;24.64;49.58;0.0;0.0;-1.0;-1.0;0.0;399.12;0.0;0.0
2018;213;365;246_001;solnu;;232.38;0.0;222.46;30.65;0.0;24.41;49.36;0.0;0.0;-1.0;-1.0;0.0;399.12;0.0;0.0
2018;213;365;247_001;solnu;;232.74;0.0;222.07;30.81;0.0;24.64;49.58;0.0;0.0;-1.0;-1.0;0.0;399.12;0.0;0.0
2018;213;365;248_001;solnu;;232.38;0.0;222.46;30.65;0.0;24.41;49.36;0.0;0.0;-1.0;-1.0;0.0;399.12;0.0;0.0
2018;213;365;249_001;solnu;;232.74;0.0;222.07;30.81;0.0;24.64;49.58;0.0;0.0;-1.0;-1.0;0.0;399.12;0.0;0.0
2018;213;365;250_001;solnu;;232.09;0.0;222.83;30.84;0.0;24.39;49.02;0.0;0.0;-1.0;-1.0;0.0;399.12;0.0;0.0
2018;213;365;251_001;solnu;;232.7;0.0;222.11;31.2;0.0;24.83;49.68;0.0;0.0;-1.0;-1.0;0.0;399.12;0.0;0.0
2018;213;365;252_001;solnu;;233.23;0.0;221.93;29.3;0.0;24.2;49.27;0.0;0.0;-1.0;-1.0;0.0;399.12;0.0;0.0
2018;213;365;253_001;solnu;;233.89;0.0;221.23;29.36;0.0;24.57;50.02;0.0;0.0;-1.0;-1.0;0.0;399.12;0.0;0.0
2018;213;365;255_001;solnu;;232.09;0.0;222.83;30.84;0.0;24.39;49.02;0.0;0.0;-1.0;-1.0;0.0;399.12;0.0;0.0
2018;213;365;256_001;solnu;;232.7;0.0;222.11;31.2;0.0;24.83;49.68;0.0;0.0;-1.0;-1.0;0.0;399.12;0.0;0.0
2018;213;365;257_001;solnu;;232.38;0.0;222.46;30.65;0.0;24.41;49.36;0.0;0.0;-1.0;-1.0;0.0;399.12;0.0;0.0
2018;213;365;258_001;solnu;;232.74;0.0;222.07;30.81;0.0;24.64;49.58;0.0;0.0;-1.0;-1.0;0.0;399.12;0.0;0.0
2018;213;365;259_001;solnu;;232.38;0.0;222.46;30.65;0.0;24.41;49.36;0.0;0.0;-1.0;-1.0;0.0;399.12;0.0;0.0
2018;213;365;260_001;solnu;;232.74;0.0;222.07;30.81;0.0;24.64;49.58;0.0;0.0;-1.0;-1.0;0.0;399.12;0.0;0.0
2018;213;365;261_001;solnu;;232.74;0.0;222.07;30.81;0.0;24.64;49.58;0.0;0.0;-1.0;-1.0;0.0;399.12;0.0;0.0
2018;213;365;262_001;solnu;;232.74;0.0;222.07;30.81;0.0;24.64;49.58;0.0;0.0;-1.0;-1.0;0.0;399.12;0.0;0.0
2018;213;365;263_001;solnu;;232.74;0.0;222.07;30.81;0.0;24.64;49.58;0.0;0.0;-1.0;-1.0;0.0;399.12;0.0;0.0
2018;213;365;264_001;solnu;;232.74;0.0;222.07;30.81;0.0;24.64;49.58;0.0;0.0;-1.0;-1.0;0.0;399.12;0.0;0.0
2018;213;365;265_001;solnu;;232.38;0.0;222.46;30.65;0.0;24.41;49.36;0.0;0.0;-1.0;-1.0;0.0;399.12;0.0;0.0
2018;213;365;266_001;solnu;;232.74;0.0;222.07;30.81;0.0;24.64;49.58;0.0;0.0;-1.0;-1.0;0.0;399.12;0.0;0.0
2018;213;365;267_001;solnu;;233.23;0.0;221.93;29.3;0.0;24.2;49.27;0.0;0.0;-1.0;-1.0;0.0;399.12;0.0;0.0
2018;213;365;268_001;solnu;;233.89;0.0;221.23;29.36;0.0;24.57;50.02;0.0;0.0;-1.0;-1.0;0.0;399.12;0.0;0.0
2018;213;365;269_001;solnu;;233.23;0.0;221.93;29.3;0.0;24.2;49.27;0.0;0.0;-1.0;-1.0;0.0;399.12;0.0;0.0
2018;213;365;270_001;solnu;;233.89;0.0;221.23;29.36;0.0;24.57;50.02;0.0;0.0;-1.0;-1.0;0.0;399.12;0.0;0.0
2018;213;365;271_001;solnu;;233.23;0.0;221.93;29.3;0.0;24.2;49.27;0.0;0.0;-1.0;-1.0;0.0;399.12;0.0;0.0
2018;213;365;272_001;solnu;;233.89;0.0;221.23;29.36;0.0;24.57;50.02;0.0;0.0;-1.0;-1.0;0.0;399.12;0.0;0.0
2018;213;365;275_001;solnu;;232.7;0.0;222.11;31.2;0.0;24.83;49.68;0.0;0.0;-1.0;-1.0;0.0;399.12;0.0;0.0
2018;213;365;276_001;solnu;;232.38;0.0;222.46;30.65;0.0;24.41;49.36;0.0;0.0;-1.0;-1.0;0.0;399.12;0.0;0.0
2018;213;365;277_001;solnu;;232.74;0.0;222.07;30.81;0.0;24.64;49.58;0.0;0.0;-1.0;-1.0;0.0;399.12;0.0;0.0
2018;213;365;278_001;solnu;;232.38;0.0;222.46;30.65;0.0;24.41;49.36;0.0;0.0;-1.0;-1.0;0.0;399.12;0.0;0.0
2018;213;365;279_001;solnu;;232.74;0.0;222.07;30.81;0.0;24.64;49.58;0.0;0.0;-1.0;-1.0;0.0;399.12;0.0;0.0
2018;213;365;280_001;solnu;;232.38;0.0;222.46;30.65;0.0;24.41;49.36;0.0;0.0;-1.0;-1.0;0.0;399.12;0.0;0.0
2018;213;365;281_001;solnu;;232.74;0.0;222.07;30.81;0.0;24.64;49.58;0.0;0.0;-1.0;-1.0;0.0;399.12;0.0;0.0
2018;213;365;282_001;solnu;;236.12;0.0;219.0;29.94;0.0;25.95;51.98;0.0;0.0;-1.0;-1.0;0.0;399.12;0.0;0.0
2018;213;365;283_001;solnu;;235.46;0.0;219.57;29.77;0.0;25.54;51.73;0.0;0.0;-1.0;-1.0;0.0;399.12;0.0;0.0
2018;213;365;284_001;solnu;;233.23;0.0;221.93;29.3;0.0;24.2;49.27;0.0;0.0;-1.0;-1.0;0.0;399.12;0.0;0.0
2018;213;365;285_001;solnu;;233.89;0.0;221.23;29.36;0.0;24.57;50.02;0.0;0.0;-1.0;-1.0;0.0;399.12;0.0;0.0
2018;213;365;286_001;solnu;;232.74;0.0;222.07;30.81;0.0;24.64;49.58;0.0;0.0;-1.0;-1.0;0.0;399.12;0.0;0.0
2018;213;365;287_001;solnu;;232.38;0.0;222.46;30.65;0.0;24.41;49.36;0.0;0.0;-1.0;-1.0;0.0;399.12;0.0;0.0
2018;213;365;288_001;solnu;;232.74;0.0;222.07;30.81;0.0;24.64;49.58;0.0;0.0;-1.0;-1.0;0.0;399.12;0.0;0.0
2018;213;365;289_001;solnu;;232.38;0.0;222.46;30.65;0.0;24.41;49.36;0.0;0.0;-1.0;-1.0;0.0;399.12;0.0;0.0
2018;213;365;290_001;solnu;;232.74;0.0;222.07;30.81;0.0;24.64;49.58;0.0;0.0;-1.0;-1.0;0.0;399.12;0.0;0.0
2018;213;365;291_001;solnu;;232.09;0.0;222.83;30.84;0.0;24.39;49.02;0.0;0.0;-1.0;-1.0;0.0;399.12;0.0;0.0
2018;213;365;292_001;solnu;;232.7;0.0;222.11;31.2;0.0;24.83;49.68;0.0;0.0;-1.0;-1.0;0.0;399.12;0.0;0.0
2018;213;365;293_001;solnu;;232.09;0.0;222.83;30.84;0.0;24.39;49.02;0.0;0.0;-1.0;-1.0;0.0;399.12;0.0;0.0
2018;213;365;294_001;solnu;;232.7;0.0;222.11;31.2;0.0;24.83;49.68;0.0;0.0;-1.0;-1.0;0.0;399.12;0.0;0.0
2018;213;365;295_001;solnu;;232.7;0.0;222.11;31.2;0.0;24.83;49.68;0.0;0.0;-1.0;-1.0;0.0;399.12;0.0;0.0
2018;213;365;296_001;solnu;;232.7;0.0;222.11;31.2;0.0;24.83;49.68;0.0;0.0;-1.0;-1.0;0.0;399.12;0.0;0.0
2018;213;365;297_001;solnu;;232.09;0.0;222.83;30.84;0.0;24.39;49.02;0.0;0.0;-1.0;-1.0;0.0;399.12;0.0;0.0
2018;213;365;298_001;solnu;;232.7;0.0;222.11;31.2;0.0;24.83;49.68;0.0;0.0;-1.0;-1.0;0.0;399.12;0.0;0.0
2018;213;365;299_001;solnu;;232.38;0.0;222.46;30.65;0.0;24.41;49.36;0.0;0.0;-1.0;-1.0;0.0;399.12;0.0;0.0
2018;213;365;300_001;solnu;;232.74;0.0;222.07;30.81;0.0;24.64;49.58;0.0;0.0;-1.0;-1.0;0.0;399.12;0.0;0.0
2018;213;365;301_001;solnu;;232.38;0.0;222.46;30.65;0.0;24.41;49.36;0.0;0.0;-1.0;-1.0;0.0;399.12;0.0;0.0
2018;213;365;302_001;solnu;;232.74;0.0;222.07;30.81;0.0;24.64;49.58;0.0;0.0;-1.0;-1.0;0.0;399.12;0.0;0.0
2018;213;365;303_001;solnu;;232.38;0.0;222.46;30.65;0.0;24.41;49.36;0.0;0.0;-1.0;-1.0;0.0;399.12;0.0;0.0
2018;213;365;304_001;solnu;;232.74;0.0;222.07;30.81;0.0;24.64;49.58;0.0;0.0;-1.0;-1.0;0.0;399.12;0.0;0.0
2018;213;365;305_001;solnu;;233.23;0.0;221.93;29.3;0.0;24.2;49.27;0.0;0.0;-1.0;-1.0;0.0;399.12;0.0;0.0
2018;213;365;306_001;solnu;;233.89;0.0;221.23;29.36;0.0;24.57;50.02;0.0;0.0;-1.0;-1.0;0.0;399.12;0.0;0.0
2018;213;365;307_001;solnu;;232.74;0.0;222.07;30.81;0.0;24.64;49.58;0.0;0.0;-1.0;-1.0;0.0;399.12;0.0;0.0
2018;213;365;308_001;solnu;;232.38;0.0;222.46;30.65;0.0;24.41;49.36;0.0;0.0;-1.0;-1.0;0.0;399.12;0.0;0.0
2018;213;365;309_001;solnu;;232.74;0.0;222.07;30.81;0.0;24.64;49.58;0.0;0.0;-1.0;-1.0;0.0;399.12;0.0;0.0
2018;213;365;310_001;solnu;;232.09;0.0;222.83;30.84;0.0;24.39;49.02;0.0;0.0;-1.0;-1.0;0.0;399.12;0.0;0.0
2018;213;365;311_001;solnu;;232.7;0.0;222.11;31.2;0.0;24.83;49.68;0.0;0.0;-1.0;-1.0;0.0;399.12;0.0;0.0
2018;213;365;312_001;solnu;;232.09;0.0;222.83;30.84;0.0;24.39;49.02;0.0;0.0;-1.0;-1.0;0.0;399.12;0.0;0.0
2018;213;365;313_001;solnu;;232.7;0.0;222.11;31.2;0.0;24.83;49.68;0.0;0.0;-1.0;-1.0;0.0;399.12;0.0;0.0
2018;213;365;314_001;solnu;;232.09;0.0;222.83;30.84;0.0;24.39;49.02;0.0;0.0;-1.0;-1.0;0.0;399.12;0.0;0.0
2018;213;365;315_001;solnu;;232.7;0.0;222.11;31.2;0.0;24.83;49.68;0.0;0.0;-1.0;-1.0;0.0;399.12;0.0;0.0
2018;213;365;316_001;solnu;;232.38;0.0;222.46;30.65;0.0;24.41;49.36;0.0;0.0;-1.0;-1.0;0.0;399.12;0.0;0.0
2018;213;365;317_001;solnu;;232.74;0.0;222.07;30.81;0.0;24.64;49.58;0.0;0.0;-1.0;-1.0;0.0;399.12;0.0;0.0
2018;213;365;318_001;solnu;;232.38;0.0;222.46;30.65;0.0;24.41;49.36;0.0;0.0;-1.0;-1.0;0.0;399.12;0.0;0.0
2018;213;365;319_001;solnu;;232.74;0.0;222.07;30.81;0.0;24.64;49.58;0.0;0.0;-1.0;-1.0;0.0;399.12;0.0;0.0
2018;213;365;320_001;solnu;;232.38;0.0;222.46;30.65;0.0;24.41;49.36;0.0;0.0;-1.0;-1.0;0.0;399.12;0.0;0.0
2018;213;365;321_001;solnu;;232.74;0.0;222.07;30.81;0.0;24.64;49.58;0.0;0.0;-1.0;-1.0;0.0;399.12;0.0;0.0
2018;213;365;322_001;solnu;;232.74;0.0;222.07;30.81;0.0;24.64;49.58;0.0;0.0;-1.0;-1.0;0.0;399.12;0.0;0.0
2018;213;365;323_001;solnu;;232.38;0.0;222.46;30.65;0.0;24.41;49.36;0.0;0.0;-1.0;-1.0;0.0;399.12;0.0;0.0
2018;213;365;324_001;solnu;;232.74;0.0;222.07;30.81;0.0;24.64;49.58;0.0;0.0;-1.0;-1.0;0.0;399.12;0.0;0.0
2018;213;365;325_001;solnu;;233.89;0.0;221.23;29.36;0.0;24.57;50.02;0.0;0.0;-1.0;-1.0;0.0;399.12;0.0;0.0
2018;213;365;326_001;solnu;;233.89;0.0;221.23;29.36;0.0;24.57;50.02;0.0;0.0;-1.0;-1.0;0.0;399.12;0.0;0.0
2018;213;365;327_001;solnu;;232.74;0.0;222.07;30.81;0.0;24.64;49.58;0.0;0.0;-1.0;-1.0;0.0;399.12;0.0;0.0
2018;213;365;328_001;solnu;;232.09;0.0;222.83;30.84;0.0;24.39;49.02;0.0;0.0;-1.0;-1.0;0.0;399.12;0.0;0.0
2018;213;365;329_001;solnu;;232.7;0.0;222.11;31.2;0.0;24.83;49.68;0.0;0.0;-1.0;-1.0;0.0;399.12;0.0;0.0
2018;213;365;330_001;solnu;;232.7;0.0;222.11;31.2;0.0;24.83;49.68;0.0;0.0;-1.0;-1.0;0.0;399.12;0.0;0.0
2018;213;365;331_001;solnu;;232.38;0.0;222.46;30.65;0.0;24.41;49.36;0.0;0.0;-1.0;-1.0;0.0;399.12;0.0;0.0
2018;213;365;332_001;solnu;;232.74;0.0;222.07;30.81;0.0;24.64;49.58;0.0;0.0;-1.0;-1.0;0.0;399.12;0.0;0.0
2018;213;365;333_001;solnu;;232.38;0.0;222.46;30.65;0.0;24.41;49.36;0.0;0.0;-1.0;-1.0;0.0;399.12;0.0;0.0
2018;213;365;334_001;solnu;;232.74;0.0;222.07;30.81;0.0;24.64;49.58;0.0;0.0;-1.0;-1.0;0.0;399.12;0.0;0.0
2018;213;365;335_001;solnu;;232.38;0.0;222.46;30.65;0.0;24.41;49.36;0.0;0.0;-1.0;-1.0;0.0;399.12;0.0;0.0
2018;213;365;336_001;solnu;;232.74;0.0;222.07;30.81;0.0;24.64;49.58;0.0;0.0;-1.0;-1.0;0.0;399.12;0.0;0.0
2018;213;365;337_001;solnu;;232.38;0.0;222.46;30.65;0.0;24.41;49.36;0.0;0.0;-1.0;-1.0;0.0;399.12;0.0;0.0
2018;213;365;338_001;solnu;;232.74;0.0;222.07;30.81;0.0;24.64;49.58;0.0;0.0;-1.0;-1.0;0.0;399.12;0.0;0.0
2018;213;365;339_001;solnu;;232.38;0.0;222.46;30.65;0.0;24.41;49.36;0.0;0.0;-1.0;-1.0;0.0;399.12;0.0;0.0
2018;213;365;340_001;solnu;;232.74;0.0;222.07;30.81;0.0;24.64;49.58;0.0;0.0;-1.0;-1.0;0.0;399.12;0.0;0.0
2018;213;365;341_001;solnu;;236.12;0.0;219.0;29.94;0.0;25.95;51.98;0.0;0.0;-1.0;-1.0;0.0;399.12;0.0;0.0
2018;213;365;342_001;solnu;;235.46;0.0;219.57;29.77;0.0;25.54;51.73;0.0;0.0;-1.0;-1.0;0.0;399.12;0.0;0.0
2018;213;365;343_001;solnu;;232.7;0.0;222.11;31.2;0.0;24.83;49.68;0.0;0.0;-1.0;-1.0;0.0;399.12;0.0;0.0
2018;213;365;344_001;solnu;;232.09;0.0;222.83;30.84;0.0;24.39;49.02;0.0;0.0;-1.0;-1.0;0.0;399.12;0.0;0.0
2018;213;365;345_001;solnu;;232.7;0.0;222.11;31.2;0.0;24.83;49.68;0.0;0.0;-1.0;-1.0;0.0;399.12;0.0;0.0
2018;213;365;346_001;solnu;;233.23;0.0;221.93;29.3;0.0;24.2;49.27;0.0;0.0;-1.0;-1.0;0.0;399.12;0.0;0.0
2018;213;365;347_001;solnu;;233.89;0.0;221.23;29.36;0.0;24.57;50.02;0.0;0.0;-1.0;-1.0;0.0;399.12;0.0;0.0
2018;213;365;352_001;solnu;;232.7;0.0;222.11;31.2;0.0;24.83;49.68;0.0;0.0;-1.0;-1.0;0.0;399.12;0.0;0.0
2018;213;365;353_001;solnu;;232.38;0.0;222.46;30.65;0.0;24.41;49.36;0.0;0.0;-1.0;-1.0;0.0;399.12;0.0;0.0
2018;213;365;354_001;solnu;;232.74;0.0;222.07;30.81;0.0;24.64;49.58;0.0;0.0;-1.0;-1.0;0.0;399.12;0.0;0.0
2018;213;365;355_001;solnu;;232.09;0.0;222.83;30.84;0.0;24.39;49.02;0.0;0.0;-1.0;-1.0;0.0;399.12;0.0;0.0
2018;213;365;356_001;solnu;;232.7;0.0;222.11;31.2;0.0;24.83;49.68;0.0;0.0;-1.0;-1.0;0.0;399.12;0.0;0.0
2018;213;365;357_001;solnu;;232.74;0.0;222.07;30.81;0.0;24.64;49.58;0.0;0.0;-1.0;-1.0;0.0;399.12;0.0;0.0
2018;213;365;358_001;solnu;;232.38;0.0;222.46;30.65;0.0;24.41;49.36;0.0;0.0;-1.0;-1.0;0.0;399.12;0.0;0.0
2018;213;365;359_001;solnu;;232.74;0.0;222.07;30.81;0.0;24.64;49.58;0.0;0.0;-1.0;-1.0;0.0;399.12;0.0;0.0
2018;213;365;360_001;solnu;;232.09;0.0;222.83;30.84;0.0;24.39;49.02;0.0;0.0;-1.0;-1.0;0.0;399.12;0.0;0.0
2018;213;365;361_001;solnu;;232.7;0.0;222.11;31.2;0.0;24.83;49.68;0.0;0.0;-1.0;-1.0;0.0;399.12;0.0;0.0
2018;213;365;362_001;solnu;;232.38;0.0;222.46;30.65;0.0;24.41;49.36;0.0;0.0;-1.0;-1.0;0.0;399.12;0.0;0.0
2018;213;365;363_001;solnu;;232.74;0.0;222.07;30.81;0.0;24.64;49.58;0.0;0.0;-1.0;-1.0;0.0;399.12;0.0;0.0
2018;213;365;364_001;solnu;;232.09;0.0;222.83;30.84;0.0;24.39;49.02;0.0;0.0;-1.0;-1.0;0.0;399.12;0.0;0.0
2018;213;365;365_001;solnu;;232.7;0.0;222.11;31.2;0.0;24.83;49.68;0.0;0.0;-1.0;-1.0;0.0;399.12;0.0;0.0
2018;213;365;366_001;solnu;;232.38;0.0;222.46;30.65;0.0;24.41;49.36;0.0;0.0;-1.0;-1.0;0.0;399.12;0.0;0.0
2018;213;365;367_001;solnu;;232.74;0.0;222.07;30.81;0.0;24.64;49.58;0.0;0.0;-1.0;-1.0;0.0;399.12;0.0;0.0
2018;213;365;368_001;solnu;;232.38;0.0;222.46;30.65;0.0;24.41;49.36;0.0;0.0;-1.0;-1.0;0.0;399.12;0.0;0.0
2018;213;365;369_001;solnu;;232.74;0.0;222.07;30.81;0.0;24.64;49.58;0.0;0.0;-1.0;-1.0;0.0;399.12;0.0;0.0
2018;213;365;370_001;solnu;;233.23;0.0;221.93;29.3;0.0;24.2;49.27;0.0;0.0;-1.0;-1.0;0.0;399.12;0.0;0.0
2018;213;365;371_001;solnu;;233.89;0.0;221.23;29.36;0.0;24.57;50.02;0.0;0.0;-1.0;-1.0;0.0;399.12;0.0;0.0
2018;213;365;372_001;solnu;;232.09;0.0;222.83;30.84;0.0;24.39;49.02;0.0;0.0;-1.0;-1.0;0.0;399.12;0.0;0.0
2018;213;365;373_001;solnu;;232.7;0.0;222.11;31.2;0.0;24.83;49.68;0.0;0.0;-1.0;-1.0;0.0;399.12;0.0;0.0
2018;213;365;374_001;solnu;;236.12;0.0;219.0;29.94;0.0;25.95;51.98;0.0;0.0;-1.0;-1.0;0.0;399.12;0.0;0.0
2018;213;365;375_001;solnu;;235.46;0.0;219.57;29.77;0.0;25.54;51.73;0.0;0.0;-1.0;-1.0;0.0;399.12;0.0;0.0
2018;213;365;376_001;solnu;;232.7;0.0;222.11;31.2;0.0;24.83;49.68;0.0;0.0;-1.0;-1.0;0.0;399.12;0.0;0.0
2018;213;365;377_001;solnu;;232.74;0.0;222.07;30.81;0.0;24.64;49.58;0.0;0.0;-1.0;-1.0;0.0;399.12;0.0;0.0
2018;213;365;378_001;solnu;;232.38;0.0;222.46;30.65;0.0;24.41;49.36;0.0;0.0;-1.0;-1.0;0.0;399.12;0.0;0.0
2018;213;365;379_001;solnu;;232.74;0.0;222.07;30.81;0.0;24.64;49.58;0.0;0.0;-1.0;-1.0;0.0;399.12;0.0;0.0
2018;213;365;380_001;solnu;;232.09;0.0;222.83;30.84;0.0;24.39;49.02;0.0;0.0;-1.0;-1.0;0.0;399.12;0.0;0.0
2018;213;365;381_001;solnu;;232.7;0.0;222.11;31.2;0.0;24.83;49.68;0.0;0.0;-1.0;-1.0;0.0;399.12;0.0;0.0
2018;213;365;382_001;solnu;;232.38;0.0;222.46;30.65;0.0;24.41;49.36;0.0;0.0;-1.0;-1.0;0.0;399.12;0.0;0.0
2018;213;365;383_001;solnu;;232.74;0.0;222.07;30.81;0.0;24.64;49.58;0.0;0.0;-1.0;-1.0;0.0;399.12;0.0;0.0
2018;213;365;384_001;solnu;;232.38;0.0;222.46;30.65;0.0;24.41;49.36;0.0;0.0;-1.0;-1.0;0.0;399.12;0.0;0.0
2018;213;365;385_001;solnu;;232.74;0.0;222.07;30.81;0.0;24.64;49.58;0.0;0.0;-1.0;-1.0;0.0;399.12;0.0;0.0
2018;213;365;386_001;solnu;;232.38;0.0;222.46;30.65;0.0;24.41;49.36;0.0;0.0;-1.0;-1.0;0.0;399.12;0.0;0.0
2018;213;365;387_001;solnu;;232.74;0.0;222.07;30.81;0.0;24.64;49.58;0.0;0.0;-1.0;-1.0;0.0;399.12;0.0;0.0
2018;213;365;388_001;solnu;;232.74;0.0;222.07;30.81;0.0;24.64;49.58;0.0;0.0;-1.0;-1.0;0.0;399.12;0.0;0.0
2018;213;365;389_001;solnu;;232.38;0.0;222.46;30.65;0.0;24.41;49.36;0.0;0.0;-1.0;-1.0;0.0;399.12;0.0;0.0
2018;213;365;390_001;solnu;;232.74;0.0;222.07;30.81;0.0;24.64;49.58;0.0;0.0;-1.0;-1.0;0.0;399.12;0.0;0.0
2018;213;365;391_001;solnu;;235.46;0.0;219.57;29.77;0.0;25.54;51.73;0.0;0.0;-1.0;-1.0;0.0;399.12;0.0;0.0
2018;213;365;392_001;solnu;;233.23;0.0;221.93;29.3;0.0;24.2;49.27;0.0;0.0;-1.0;-1.0;0.0;399.12;0.0;0.0
2018;213;365;393_001;solnu;;233.89;0.0;221.23;29.36;0.0;24.57;50.02;0.0;0.0;-1.0;-1.0;0.0;399.12;0.0;0.0
2018;213;365;394_001;solnu;;232.74;0.0;222.07;30.81;0.0;24.64;49.58;0.0;0.0;-1.0;-1.0;0.0;399.12;0.0;0.0
2018;213;365;395_001;solnu;;232.09;0.0;222.83;30.84;0.0;24.39;49.02;0.0;0.0;-1.0;-1.0;0.0;399.12;0.0;0.0
2018;213;365;396_001;solnu;;232.7;0.0;222.11;31.2;0.0;24.83;49.68;0.0;0.0;-1.0;-1.0;0.0;399.12;0.0;0.0
2018;213;365;397_001;solnu;;232.74;0.0;222.07;30.81;0.0;24.64;49.58;0.0;0.0;-1.0;-1.0;0.0;399.12;0.0;0.0
2018;213;365;398_001;solnu;;232.09;0.0;222.83;30.84;0.0;24.39;49.02;0.0;0.0;-1.0;-1.0;0.0;399.12;0.0;0.0
2018;213;365;399_001;solnu;;232.7;0.0;222.11;31.2;0.0;24.83;49.68;0.0;0.0;-1.0;-1.0;0.0;399.12;0.0;0.0
2018;213;365;400_001;solnu;;232.38;0.0;222.46;30.65;0.0;24.41;49.36;0.0;0.0;-1.0;-1.0;0.0;399.12;0.0;0.0
2018;213;365;401_001;solnu;;232.74;0.0;222.07;30.81;0.0;24.64;49.58;0.0;0.0;-1.0;-1.0;0.0;399.12;0.0;0.0
2018;213;365;402_001;solnu;;232.38;0.0;222.46;30.65;0.0;24.41;49.36;0.0;0.0;-1.0;-1.0;0.0;399.12;0.0;0.0
2018;213;365;403_001;solnu;;232.74;0.0;222.07;30.81;0.0;24.64;49.58;0.0;0.0;-1.0;-1.0;0.0;399.12;0.0;0.0
2018;213;365;404_001;solnu;;233.23;0.0;221.93;29.3;0.0;24.2;49.27;0.0;0.0;-1.0;-1.0;0.0;399.12;0.0;0.0
2018;213;365;405_001;solnu;;233.89;0.0;221.23;29.36;0.0;24.57;50.02;0.0;0.0;-1.0;-1.0;0.0;399.12;0.0;0.0
2018;213;365;406_001;solnu;;233.23;0.0;221.93;29.3;0.0;24.2;49.27;0.0;0.0;-1.0;-1.0;0.0;399.12;0.0;0.0
2018;213;365;407_001;solnu;;233.89;0.0;221.23;29.36;0.0;24.57;50.02;0.0;0.0;-1.0;-1.0;0.0;399.12;0.0;0.0
2018;213;365;408_001;solnu;;232.74;0.0;222.07;30.81;0.0;24.64;49.58;0.0;0.0;-1.0;-1.0;0.0;399.12;0.0;0.0
2018;213;365;409_001;solnu;;232.38;0.0;222.46;30.65;0.0;24.41;49.36;0.0;0.0;-1.0;-1.0;0.0;399.12;0.0;0.0
2018;213;365;410_001;solnu;;232.74;0.0;222.07;30.81;0.0;24.64;49.58;0.0;0.0;-1.0;-1.0;0.0;399.12;0.0;0.0
2018;213;365;411_001;solnu;;232.74;0.0;222.07;30.81;0.0;24.64;49.58;0.0;0.0;-1.0;-1.0;0.0;399.12;0.0;0.0
2018;213;365;412_001;solnu;;232.7;0.0;222.11;31.2;0.0;24.83;49.68;0.0;0.0;-1.0;-1.0;0.0;399.12;0.0;0.0
2018;213;365;413_001;solnu;;233.89;0.0;221.23;29.36;0.0;24.57;50.02;0.0;0.0;-1.0;-1.0;0.0;399.12;0.0;0.0
2018;213;365;414_001;solnu;;233.23;0.0;221.93;29.3;0.0;24.2;49.27;0.0;0.0;-1.0;-1.0;0.0;399.12;0.0;0.0
2018;213;365;415_001;solnu;;233.89;0.0;221.23;29.36;0.0;24.57;50.02;0.0;0.0;-1.0;-1.0;0.0;399.12;0.0;0.0
2018;213;365;416_001;solnu;;232.09;0.0;222.83;30.84;0.0;24.39;49.02;0.0;0.0;-1.0;-1.0;0.0;399.12;0.0;0.0
2018;213;365;417_001;solnu;;232.7;0.0;222.11;31.2;0.0;24.83;49.68;0.0;0.0;-1.0;-1.0;0.0;399.12;0.0;0.0
2018;213;365;418_001;solnu;;232.09;0.0;222.83;30.84;0.0;24.39;49.02;0.0;0.0;-1.0;-1.0;0.0;399.12;0.0;0.0
2018;213;365;419_001;solnu;;232.7;0.0;222.11;31.2;0.0;24.83;49.68;0.0;0.0;-1.0;-1.0;0.0;399.12;0.0;0.0
2018;213;365;420_001;solnu;;232.38;0.0;222.46;30.65;0.0;24.41;49.36;0.0;0.0;-1.0;-1.0;0.0;399.12;0.0;0.0
2018;213;365;421_001;solnu;;232.74;0.0;222.07;30.81;0.0;24.64;49.58;0.0;0.0;-1.0;-1.0;0.0;399.12;0.0;0.0
2018;213;365;422_001;solnu;;232.74;0.0;222.07;30.81;0.0;24.64;49.58;0.0;0.0;-1.0;-1.0;0.0;399.12;0.0;0.0
2018;213;365;423_001;solnu;;233.23;0.0;221.93;29.3;0.0;24.2;49.27;0.0;0.0;-1.0;-1.0;0.0;399.12;0.0;0.0
2018;213;365;424_001;solnu;;233.89;0.0;221.23;29.36;0.0;24.57;50.02;0.0;0.0;-1.0;-1.0;0.0;399.12;0.0;0.0
2018;213;365;425_001;solnu;;232.38;0.0;222.46;30.65;0.0;24.41;49.36;0.0;0.0;-1.0;-1.0;0.0;399.12;0.0;0.0
2018;213;365;426_001;solnu;;232.74;0.0;222.07;30.81;0.0;24.64;49.58;0.0;0.0;-1.0;-1.0;0.0;399.12;0.0;0.0
2018;213;365;427_001;solnu;;232.74;0.0;222.07;30.81;0.0;24.64;49.58;0.0;0.0;-1.0;-1.0;0.0;399.12;0.0;0.0
2018;213;365;428_001;solnu;;232.74;0.0;222.07;30.81;0.0;24.64;49.58;0.0;0.0;-1.0;-1.0;0.0;399.12;0.0;0.0
2018;213;365;429_001;solnu;;233.23;0.0;221.93;29.3;0.0;24.2;49.27;0.0;0.0;-1.0;-1.0;0.0;399.12;0.0;0.0
2018;213;365;430_001;solnu;;233.89;0.0;221.23;29.36;0.0;24.57;50.02;0.0;0.0;-1.0;-1.0;0.0;399.12;0.0;0.0
2018;213;365;431_001;solnu;;232.09;0.0;222.83;30.84;0.0;24.39;49.02;0.0;0.0;-1.0;-1.0;0.0;399.12;0.0;0.0
2018;213;365;432_001;solnu;;232.7;0.0;222.11;31.2;0.0;24.83;49.68;0.0;0.0;-1.0;-1.0;0.0;399.12;0.0;0.0
2018;213;365;433_001;solnu;;232.09;0.0;222.83;30.84;0.0;24.39;49.02;0.0;0.0;-1.0;-1.0;0.0;399.12;0.0;0.0
2018;213;365;434_001;solnu;;232.7;0.0;222.11;31.2;0.0;24.83;49.68;0.0;0.0;-1.0;-1.0;0.0;399.12;0.0;0.0
2018;213;365;435_001;solnu;;232.09;0.0;222.83;30.84;0.0;24.39;49.02;0.0;0.0;-1.0;-1.0;0.0;399.12;0.0;0.0
2018;213;365;436_001;solnu;;232.7;0.0;222.11;31.2;0.0;24.83;49.68;0.0;0.0;-1.0;-1.0;0.0;399.12;0.0;0.0
2018;213;365;437_001;solnu;;232.38;0.0;222.46;30.65;0.0;24.41;49.36;0.0;0.0;-1.0;-1.0;0.0;399.12;0.0;0.0
2018;213;365;438_001;solnu;;232.74;0.0;222.07;30.81;0.0;24.64;49.58;0.0;0.0;-1.0;-1.0;0.0;399.12;0.0;0.0
2018;213;365;439_001;solnu;;233.23;0.0;221.93;29.3;0.0;24.2;49.27;0.0;0.0;-1.0;-1.0;0.0;399.12;0.0;0.0
2018;213;365;440_001;solnu;;233.89;0.0;221.23;29.36;0.0;24.57;50.02;0.0;0.0;-1.0;-1.0;0.0;399.12;0.0;0.0
2018;213;365;441_001;solnu;;233.23;0.0;221.93;29.3;0.0;24.2;49.27;0.0;0.0;-1.0;-1.0;0.0;399.12;0.0;0.0
2018;213;365;442_001;solnu;;233.89;0.0;221.23;29.36;0.0;24.57;50.02;0.0;0.0;-1.0;-1.0;0.0;399.12;0.0;0.0
2018;213;365;443_001;solnu;;233.23;0.0;221.93;29.3;0.0;24.2;49.27;0.0;0.0;-1.0;-1.0;0.0;399.12;0.0;0.0
2018;213;365;444_001;solnu;;233.89;0.0;221.23;29.36;0.0;24.57;50.02;0.0;0.0;-1.0;-1.0;0.0;399.12;0.0;0.0
2018;213;365;445_001;solnu;;233.89;0.0;221.23;29.36;0.0;24.57;50.02;0.0;0.0;-1.0;-1.0;0.0;399.12;0.0;0.0
2018;213;365;446_001;solnu;;233.23;0.0;221.93;29.3;0.0;24.2;49.27;0.0;0.0;-1.0;-1.0;0.0;399.12;0.0;0.0
2018;213;365;447_001;solnu;;233.89;0.0;221.23;29.36;0.0;24.57;50.02;0.0;0.0;-1.0;-1.0;0.0;399.12;0.0;0.0
2018;213;365;448_001;solnu;;232.09;0.0;222.83;30.84;0.0;24.39;49.02;0.0;0.0;-1.0;-1.0;0.0;399.12;0.0;0.0
2018;213;365;449_001;solnu;;232.7;0.0;222.11;31.2;0.0;24.83;49.68;0.0;0.0;-1.0;-1.0;0.0;399.12;0.0;0.0
2018;213;365;450_001;solnu;;232.09;0.0;222.83;30.84;0.0;24.39;49.02;0.0;0.0;-1.0;-1.0;0.0;399.12;0.0;0.0
2018;213;365;451_001;solnu;;232.7;0.0;222.11;31.2;0.0;24.83;49.68;0.0;0.0;-1.0;-1.0;0.0;399.12;0.0;0.0
2018;213;365;452_001;solnu;;232.7;0.0;222.11;31.2;0.0;24.83;49.68;0.0;0.0;-1.0;-1.0;0.0;399.12;0.0;0.0
2018;213;365;453_001;solnu;;232.74;0.0;222.07;30.81;0.0;24.64;49.58;0.0;0.0;-1.0;-1.0;0.0;399.12;0.0;0.0
2018;213;365;454_001;solnu;;232.38;0.0;222.46;30.65;0.0;24.41;49.36;0.0;0.0;-1.0;-1.0;0.0;399.12;0.0;0.0
2018;213;365;455_001;solnu;;232.74;0.0;222.07;30.81;0.0;24.64;49.58;0.0;0.0;-1.0;-1.0;0.0;399.12;0.0;0.0
2018;213;365;456_001;solnu;;232.38;0.0;222.46;30.65;0.0;24.41;49.36;0.0;0.0;-1.0;-1.0;0.0;399.12;0.0;0.0
2018;213;365;457_001;solnu;;232.74;0.0;222.07;30.81;0.0;24.64;49.58;0.0;0.0;-1.0;-1.0;0.0;399.12;0.0;0.0
2018;213;365;458_001;solnu;;232.38;0.0;222.46;30.65;0.0;24.41;49.36;0.0;0.0;-1.0;-1.0;0.0;399.12;0.0;0.0
2018;213;365;459_001;solnu;;232.74;0.0;222.07;30.81;0.0;24.64;49.58;0.0;0.0;-1.0;-1.0;0.0;399.12;0.0;0.0
2018;213;365;460_001;solnu;;233.23;0.0;221.93;29.3;0.0;24.2;49.27;0.0;0.0;-1.0;-1.0;0.0;399.12;0.0;0.0
2018;213;365;461_001;solnu;;233.89;0.0;221.23;29.36;0.0;24.57;50.02;0.0;0.0;-1.0;-1.0;0.0;399.12;0.0;0.0
2018;213;365;462_001;solnu;;233.23;0.0;221.93;29.3;0.0;24.2;49.27;0.0;0.0;-1.0;-1.0;0.0;399.12;0.0;0.0
2018;213;365;463_001;solnu;;233.89;0.0;221.23;29.36;0.0;24.57;50.02;0.0;0.0;-1.0;-1.0;0.0;399.12;0.0;0.0
2018;213;365;464_001;solnu;;233.89;0.0;221.23;29.36;0.0;24.57;50.02;0.0;0.0;-1.0;-1.0;0.0;399.12;0.0;0.0
2018;213;365;465_001;solnu;;232.38;0.0;222.46;30.65;0.0;24.41;49.36;0.0;0.0;-1.0;-1.0;0.0;399.12;0.0;0.0
2018;213;365;466_001;solnu;;232.74;0.0;222.07;30.81;0.0;24.64;49.58;0.0;0.0;-1.0;-1.0;0.0;399.12;0.0;0.0
2018;213;365;467_001;solnu;;232.38;0.0;222.46;30.65;0.0;24.41;49.36;0.0;0.0;-1.0;-1.0;0.0;399.12;0.0;0.0
2018;213;365;468_001;solnu;;232.74;0.0;222.07;30.81;0.0;24.64;49.58;0.0;0.0;-1.0;-1.0;0.0;399.12;0.0;0.0
2018;213;365;469_001;solnu;;232.09;0.0;222.83;30.84;0.0;24.39;49.02;0.0;0.0;-1.0;-1.0;0.0;399.12;0.0;0.0
2018;213;365;470_001;solnu;;232.7;0.0;222.11;31.2;0.0;24.83;49.68;0.0;0.0;-1.0;-1.0;0.0;399.12;0.0;0.0
2018;213;365;471_001;solnu;;232.38;0.0;222.46;30.65;0.0;24.41;49.36;0.0;0.0;-1.0;-1.0;0.0;399.12;0.0;0.0
2018;213;365;472_001;solnu;;232.74;0.0;222.07;30.81;0.0;24.64;49.58;0.0;0.0;-1.0;-1.0;0.0;399.12;0.0;0.0
2018;213;365;473_001;solnu;;232.74;0.0;222.07;30.81;0.0;24.64;49.58;0.0;0.0;-1.0;-1.0;0.0;399.12;0.0;0.0
2018;213;365;474_001;solnu;;233.89;0.0;221.23;29.36;0.0;24.57;50.02;0.0;0.0;-1.0;-1.0;0.0;399.12;0.0;0.0
2018;213;365;475_001;solnu;;233.23;0.0;221.93;29.3;0.0;24.2;49.27;0.0;0.0;-1.0;-1.0;0.0;399.12;0.0;0.0
2018;213;365;476_001;solnu;;233.89;0.0;221.23;29.36;0.0;24.57;50.02;0.0;0.0;-1.0;-1.0;0.0;399.12;0.0;0.0
2018;213;365;477_001;solnu;;232.38;0.0;222.46;30.65;0.0;24.41;49.36;0.0;0.0;-1.0;-1.0;0.0;399.12;0.0;0.0
2018;213;365;478_001;solnu;;232.74;0.0;222.07;30.81;0.0;24.64;49.58;0.0;0.0;-1.0;-1.0;0.0;399.12;0.0;0.0
2018;213;365;479_001;solnu;;232.38;0.0;222.46;30.65;0.0;24.41;49.36;0.0;0.0;-1.0;-1.0;0.0;399.12;0.0;0.0
2018;213;365;480_001;solnu;;232.74;0.0;222.07;30.81;0.0;24.64;49.58;0.0;0.0;-1.0;-1.0;0.0;399.12;0.0;0.0
2018;213;365;481_001;solnu;;232.38;0.0;222.46;30.65;0.0;24.41;49.36;0.0;0.0;-1.0;-1.0;0.0;399.12;0.0;0.0
2018;213;365;482_001;solnu;;232.74;0.0;222.07;30.81;0.0;24.64;49.58;0.0;0.0;-1.0;-1.0;0.0;399.12;0.0;0.0
2018;213;365;483_001;solnu;;232.09;0.0;222.83;30.84;0.0;24.39;49.02;0.0;0.0;-1.0;-1.0;0.0;399.12;0.0;0.0
2018;213;365;484_001;solnu;;232.7;0.0;222.11;31.2;0.0;24.83;49.68;0.0;0.0;-1.0;-1.0;0.0;399.12;0.0;0.0
2018;213;365;485_001;solnu;;232.09;0.0;222.83;30.84;0.0;24.39;49.02;0.0;0.0;-1.0;-1.0;0.0;399.12;0.0;0.0
2018;213;365;486_001;solnu;;232.7;0.0;222.11;31.2;0.0;24.83;49.68;0.0;0.0;-1.0;-1.0;0.0;399.12;0.0;0.0
2018;213;365;487_001;solnu;;232.38;0.0;222.46;30.65;0.0;24.41;49.36;0.0;0.0;-1.0;-1.0;0.0;399.12;0.0;0.0
2018;213;365;488_001;solnu;;232.74;0.0;222.07;30.81;0.0;24.64;49.58;0.0;0.0;-1.0;-1.0;0.0;399.12;0.0;0.0
2018;213;365;489_001;solnu;;232.74;0.0;222.07;30.81;0.0;24.64;49.58;0.0;0.0;-1.0;-1.0;0.0;399.12;0.0;0.0
2018;213;365;490_001;solnu;;232.74;0.0;222.07;30.81;0.0;24.64;49.58;0.0;0.0;-1.0;-1.0;0.0;399.12;0.0;0.0
2018;213;365;491_001;solnu;;232.74;0.0;222.07;30.81;0.0;24.64;49.58;0.0;0.0;-1.0;-1.0;0.0;399.12;0.0;0.0
2018;213;365;492_001;solnu;;232.38;0.0;222.46;30.65;0.0;24.41;49.36;0.0;0.0;-1.0;-1.0;0.0;399.12;0.0;0.0
2018;213;365;493_001;solnu;;232.74;0.0;222.07;30.81;0.0;24.64;49.58;0.0;0.0;-1.0;-1.0;0.0;399.12;0.0;0.0
2018;213;365;494_001;solnu;;232.74;0.0;222.07;30.81;0.0;24.64;49.58;0.0;0.0;-1.0;-1.0;0.0;399.12;0.0;0.0
2018;213;365;495_001;solnu;;232.7;0.0;222.11;31.2;0.0;24.83;49.68;0.0;0.0;-1.0;-1.0;0.0;399.12;0.0;0.0
2018;213;365;496_001;solnu;;232.7;0.0;222.11;31.2;0.0;24.83;49.68;0.0;0.0;-1.0;-1.0;0.0;399.12;0.0;0.0
2018;213;365;497_001;solnu;;232.09;0.0;222.83;30.84;0.0;24.39;49.02;0.0;0.0;-1.0;-1.0;0.0;399.12;0.0;0.0
2018;213;365;498_001;solnu;;232.7;0.0;222.11;31.2;0.0;24.83;49.68;0.0;0.0;-1.0;-1.0;0.0;399.12;0.0;0.0
2018;213;365;499_001;solnu;;232.09;0.0;222.83;30.84;0.0;24.39;49.02;0.0;0.0;-1.0;-1.0;0.0;399.12;0.0;0.0
2018;213;365;500_001;solnu;;232.7;0.0;222.11;31.2;0.0;24.83;49.68;0.0;0.0;-1.0;-1.0;0.0;399.12;0.0;0.0
2018;213;365;501_001;solnu;;233.23;0.0;221.93;29.3;0.0;24.2;49.27;0.0;0.0;-1.0;-1.0;0.0;399.12;0.0;0.0
2018;213;365;502_001;solnu;;233.89;0.0;221.23;29.36;0.0;24.57;50.02;0.0;0.0;-1.0;-1.0;0.0;399.12;0.0;0.0
2018;213;365;503_001;solnu;;232.38;0.0;222.46;30.65;0.0;24.41;49.36;0.0;0.0;-1.0;-1.0;0.0;399.12;0.0;0.0
2018;213;365;504_001;solnu;;232.74;0.0;222.07;30.81;0.0;24.64;49.58;0.0;0.0;-1.0;-1.0;0.0;399.12;0.0;0.0
2018;213;365;505_001;solnu;;232.74;0.0;222.07;30.81;0.0;24.64;49.58;0.0;0.0;-1.0;-1.0;0.0;399.12;0.0;0.0
2018;213;365;506_001;solnu;;232.38;0.0;222.46;30.65;0.0;24.41;49.36;0.0;0.0;-1.0;-1.0;0.0;399.12;0.0;0.0
2018;213;365;507_001;solnu;;232.74;0.0;222.07;30.81;0.0;24.64;49.58;0.0;0.0;-1.0;-1.0;0.0;399.12;0.0;0.0
2018;213;365;508_001;solnu;;232.38;0.0;222.46;30.65;0.0;24.41;49.36;0.0;0.0;-1.0;-1.0;0.0;399.12;0.0;0.0
2018;213;365;509_001;solnu;;232.74;0.0;222.07;30.81;0.0;24.64;49.58;0.0;0.0;-1.0;-1.0;0.0;399.12;0.0;0.0
2018;213;365;510_001;solnu;;232.38;0.0;222.46;30.65;0.0;24.41;49.36;0.0;0.0;-1.0;-1.0;0.0;399.12;0.0;0.0
2018;213;365;511_001;solnu;;232.74;0.0;222.07;30.81;0.0;24.64;49.58;0.0;0.0;-1.0;-1.0;0.0;399.12;0.0;0.0
2018;213;365;512_001;solnu;;232.38;0.0;222.46;30.65;0.0;24.41;49.36;0.0;0.0;-1.0;-1.0;0.0;399.12;0.0;0.0
2018;213;365;513_001;solnu;;232.74;0.0;222.07;30.81;0.0;24.64;49.58;0.0;0.0;-1.0;-1.0;0.0;399.12;0.0;0.0
2018;213;365;514_001;solnu;;232.38;0.0;222.46;30.65;0.0;24.41;49.36;0.0;0.0;-1.0;-1.0;0.0;399.12;0.0;0.0
2018;213;365;515_001;solnu;;232.74;0.0;222.07;30.81;0.0;24.64;49.58;0.0;0.0;-1.0;-1.0;0.0;399.12;0.0;0.0
2018;213;365;516_001;solnu;;233.23;0.0;221.93;29.3;0.0;24.2;49.27;0.0;0.0;-1.0;-1.0;0.0;399.12;0.0;0.0
2018;213;365;517_001;solnu;;233.89;0.0;221.23;29.36;0.0;24.57;50.02;0.0;0.0;-1.0;-1.0;0.0;399.12;0.0;0.0
2018;213;365;518_001;solnu;;232.09;0.0;222.83;30.84;0.0;24.39;49.02;0.0;0.0;-1.0;-1.0;0.0;399.12;0.0;0.0
2018;213;365;519_001;solnu;;232.7;0.0;222.11;31.2;0.0;24.83;49.68;0.0;0.0;-1.0;-1.0;0.0;399.12;0.0;0.0
2018;213;365;520_001;solnu;;232.7;0.0;222.11;31.2;0.0;24.83;49.68;0.0;0.0;-1.0;-1.0;0.0;399.12;0.0;0.0
2018;213;365;521_001;solnu;;232.7;0.0;222.11;31.2;0.0;24.83;49.68;0.0;0.0;-1.0;-1.0;0.0;399.12;0.0;0.0
2018;213;365;522_001;solnu;;232.09;0.0;222.83;30.84;0.0;24.39;49.02;0.0;0.0;-1.0;-1.0;0.0;399.12;0.0;0.0
2018;213;365;523_001;solnu;;232.7;0.0;222.11;31.2;0.0;24.83;49.68;0.0;0.0;-1.0;-1.0;0.0;399.12;0.0;0.0
2018;213;365;524_001;solnu;;232.09;0.0;222.83;30.84;0.0;24.39;49.02;0.0;0.0;-1.0;-1.0;0.0;399.12;0.0;0.0
2018;213;365;525_001;solnu;;232.7;0.0;222.11;31.2;0.0;24.83;49.68;0.0;0.0;-1.0;-1.0;0.0;399.12;0.0;0.0
2018;213;365;526_001;solnu;;232.38;0.0;222.46;30.65;0.0;24.41;49.36;0.0;0.0;-1.0;-1.0;0.0;399.12;0.0;0.0
2018;213;365;527_001;solnu;;232.74;0.0;222.07;30.81;0.0;24.64;49.58;0.0;0.0;-1.0;-1.0;0.0;399.12;0.0;0.0
2018;213;365;528_001;solnu;;232.38;0.0;222.46;30.65;0.0;24.41;49.36;0.0;0.0;-1.0;-1.0;0.0;399.12;0.0;0.0
2018;213;365;529_001;solnu;;232.74;0.0;222.07;30.81;0.0;24.64;49.58;0.0;0.0;-1.0;-1.0;0.0;399.12;0.0;0.0
2018;213;365;530_001;solnu;;232.38;0.0;222.46;30.65;0.0;24.41;49.36;0.0;0.0;-1.0;-1.0;0.0;399.12;0.0;0.0
2018;213;365;531_001;solnu;;232.74;0.0;222.07;30.81;0.0;24.64;49.58;0.0;0.0;-1.0;-1.0;0.0;399.12;0.0;0.0
2018;213;365;532_001;solnu;;232.38;0.0;222.46;30.65;0.0;24.41;49.36;0.0;0.0;-1.0;-1.0;0.0;399.12;0.0;0.0
2018;213;365;533_001;solnu;;232.74;0.0;222.07;30.81;0.0;24.64;49.58;0.0;0.0;-1.0;-1.0;0.0;399.12;0.0;0.0
2018;213;365;534_001;solnu;;232.7;0.0;222.11;31.2;0.0;24.83;49.68;0.0;0.0;-1.0;-1.0;0.0;399.12;0.0;0.0
2018;213;365;535_001;solnu;;232.38;0.0;222.46;30.65;0.0;24.41;49.36;0.0;0.0;-1.0;-1.0;0.0;399.12;0.0;0.0
2018;213;365;536_001;solnu;;232.74;0.0;222.07;30.81;0.0;24.64;49.58;0.0;0.0;-1.0;-1.0;0.0;399.12;0.0;0.0
2018;213;365;537_001;solnu;;232.38;0.0;222.46;30.65;0.0;24.41;49.36;0.0;0.0;-1.0;-1.0;0.0;399.12;0.0;0.0
2018;213;365;538_001;solnu;;232.74;0.0;222.07;30.81;0.0;24.64;49.58;0.0;0.0;-1.0;-1.0;0.0;399.12;0.0;0.0
2018;213;365;539_001;solnu;;232.38;0.0;222.46;30.65;0.0;24.41;49.36;0.0;0.0;-1.0;-1.0;0.0;399.12;0.0;0.0
2018;213;365;540_001;solnu;;232.74;0.0;222.07;30.81;0.0;24.64;49.58;0.0;0.0;-1.0;-1.0;0.0;399.12;0.0;0.0
2018;213;365;541_001;solnu;;232.38;0.0;222.46;30.65;0.0;24.41;49.36;0.0;0.0;-1.0;-1.0;0.0;399.12;0.0;0.0
2018;213;365;542_001;solnu;;232.74;0.0;222.07;30.81;0.0;24.64;49.58;0.0;0.0;-1.0;-1.0;0.0;399.12;0.0;0.0
2018;213;365;543_001;solnu;;233.23;0.0;221.93;29.3;0.0;24.2;49.27;0.0;0.0;-1.0;-1.0;0.0;399.12;0.0;0.0
2018;213;365;544_001;solnu;;233.89;0.0;221.23;29.36;0.0;24.57;50.02;0.0;0.0;-1.0;-1.0;0.0;399.12;0.0;0.0
2018;213;365;545_001;solnu;;236.12;0.0;219.0;29.94;0.0;25.95;51.98;0.0;0.0;-1.0;-1.0;0.0;399.12;0.0;0.0
2018;213;365;546_001;solnu;;235.46;0.0;219.57;29.77;0.0;25.54;51.73;0.0;0.0;-1.0;-1.0;0.0;399.12;0.0;0.0
2018;213;365;547_001;solnu;;235.46;0.0;219.57;29.77;0.0;25.54;51.73;0.0;0.0;-1.0;-1.0;0.0;399.12;0.0;0.0
2018;213;365;548_001;solnu;;232.38;0.0;222.46;30.65;0.0;24.41;49.36;0.0;0.0;-1.0;-1.0;0.0;399.12;0.0;0.0
2018;213;365;549_001;solnu;;232.74;0.0;222.07;30.81;0.0;24.64;49.58;0.0;0.0;-1.0;-1.0;0.0;399.12;0.0;0.0
2018;213;365;550_001;solnu;;232.38;0.0;222.46;30.65;0.0;24.41;49.36;0.0;0.0;-1.0;-1.0;0.0;399.12;0.0;0.0
2018;213;365;551_001;solnu;;232.74;0.0;222.07;30.81;0.0;24.64;49.58;0.0;0.0;-1.0;-1.0;0.0;399.12;0.0;0.0
2018;213;365;552_001;solnu;;232.38;0.0;222.46;30.65;0.0;24.41;49.36;0.0;0.0;-1.0;-1.0;0.0;399.12;0.0;0.0
2018;213;365;553_001;solnu;;232.74;0.0;222.07;30.81;0.0;24.64;49.58;0.0;0.0;-1.0;-1.0;0.0;399.12;0.0;0.0
2018;213;365;554_001;solnu;;232.38;0.0;222.46;30.65;0.0;24.41;49.36;0.0;0.0;-1.0;-1.0;0.0;399.12;0.0;0.0
2018;213;365;555_001;solnu;;232.74;0.0;222.07;30.81;0.0;24.64;49.58;0.0;0.0;-1.0;-1.0;0.0;399.12;0.0;0.0
2018;213;365;556_001;solnu;;233.23;0.0;221.93;29.3;0.0;24.2;49.27;0.0;0.0;-1.0;-1.0;0.0;399.12;0.0;0.0
2018;213;365;557_001;solnu;;233.89;0.0;221.23;29.36;0.0;24.57;50.02;0.0;0.0;-1.0;-1.0;0.0;399.12;0.0;0.0
2018;213;365;558_001;solnu;;232.38;0.0;222.46;30.65;0.0;24.41;49.36;0.0;0.0;-1.0;-1.0;0.0;399.12;0.0;0.0
2018;213;365;559_001;solnu;;232.74;0.0;222.07;30.81;0.0;24.64;49.58;0.0;0.0;-1.0;-1.0;0.0;399.12;0.0;0.0
2018;213;365;560_001;solnu;;232.74;0.0;222.07;30.81;0.0;24.64;49.58;0.0;0.0;-1.0;-1.0;0.0;399.12;0.0;0.0
2018;213;365;561_001;solnu;;232.38;0.0;222.46;30.65;0.0;24.41;49.36;0.0;0.0;-1.0;-1.0;0.0;399.12;0.0;0.0
2018;213;365;562_001;solnu;;232.74;0.0;222.07;30.81;0.0;24.64;49.58;0.0;0.0;-1.0;-1.0;0.0;399.12;0.0;0.0
2018;213;365;563_001;solnu;;232.38;0.0;222.46;30.65;0.0;24.41;49.36;0.0;0.0;-1.0;-1.0;0.0;399.12;0.0;0.0
2018;213;365;564_001;solnu;;232.74;0.0;222.07;30.81;0.0;24.64;49.58;0.0;0.0;-1.0;-1.0;0.0;399.12;0.0;0.0
2018;213;365;565_001;solnu;;232.38;0.0;222.46;30.65;0.0;24.41;49.36;0.0;0.0;-1.0;-1.0;0.0;399.12;0.0;0.0
2018;213;365;566_001;solnu;;232.74;0.0;222.07;30.81;0.0;24.64;49.58;0.0;0.0;-1.0;-1.0;0.0;399.12;0.0;0.0
2018;213;365;567_001;solnu;;232.38;0.0;222.46;30.65;0.0;24.41;49.36;0.0;0.0;-1.0;-1.0;0.0;399.12;0.0;0.0
2018;213;365;568_001;solnu;;232.74;0.0;222.07;30.81;0.0;24.64;49.58;0.0;0.0;-1.0;-1.0;0.0;399.12;0.0;0.0
2018;213;365;569_001;solnu;;232.38;0.0;222.46;30.65;0.0;24.41;49.36;0.0;0.0;-1.0;-1.0;0.0;399.12;0.0;0.0
2018;213;365;570_001;solnu;;232.74;0.0;222.07;30.81;0.0;24.64;49.58;0.0;0.0;-1.0;-1.0;0.0;399.12;0.0;0.0
2018;213;365;571_001;solnu;;236.12;0.0;219.0;29.94;0.0;25.95;51.98;0.0;0.0;-1.0;-1.0;0.0;399.12;0.0;0.0
2018;213;365;572_001;solnu;;235.46;0.0;219.57;29.77;0.0;25.54;51.73;0.0;0.0;-1.0;-1.0;0.0;399.12;0.0;0.0
2018;213;365;573_001;solnu;;235.46;0.0;219.57;29.77;0.0;25.54;51.73;0.0;0.0;-1.0;-1.0;0.0;399.12;0.0;0.0
2018;213;365;574_001;solnu;;236.12;0.0;219.0;29.94;0.0;25.95;51.98;0.0;0.0;-1.0;-1.0;0.0;399.12;0.0;0.0
2018;213;365;575_001;solnu;;235.46;0.0;219.57;29.77;0.0;25.54;51.73;0.0;0.0;-1.0;-1.0;0.0;399.12;0.0;0.0
2018;213;365;576_001;solnu;;236.12;0.0;219.0;29.94;0.0;25.95;51.98;0.0;0.0;-1.0;-1.0;0.0;399.12;0.0;0.0
2018;213;365;577_001;solnu;;235.46;0.0;219.57;29.77;0.0;25.54;51.73;0.0;0.0;-1.0;-1.0;0.0;399.12;0.0;0.0
2018;213;365;578_001;solnu;;236.12;0.0;219.0;29.94;0.0;25.95;51.98;0.0;0.0;-1.0;-1.0;0.0;399.12;0.0;0.0
2018;213;365;579_001;solnu;;235.46;0.0;219.57;29.77;0.0;25.54;51.73;0.0;0.0;-1.0;-1.0;0.0;399.12;0.0;0.0
2018;213;365;580_001;solnu;;232.09;0.0;222.83;30.84;0.0;24.39;49.02;0.0;0.0;-1.0;-1.0;0.0;399.12;0.0;0.0
2018;213;365;581_001;solnu;;232.7;0.0;222.11;31.2;0.0;24.83;49.68;0.0;0.0;-1.0;-1.0;0.0;399.12;0.0;0.0
2018;213;365;582_001;solnu;;232.7;0.0;222.11;31.2;0.0;24.83;49.68;0.0;0.0;-1.0;-1.0;0.0;399.12;0.0;0.0
2018;213;365;583_001;solnu;;233.23;0.0;221.93;29.3;0.0;24.2;49.27;0.0;0.0;-1.0;-1.0;0.0;399.12;0.0;0.0
2018;213;365;584_001;solnu;;233.89;0.0;221.23;29.36;0.0;24.57;50.02;0.0;0.0;-1.0;-1.0;0.0;399.12;0.0;0.0
2018;213;365;585_001;solnu;;233.23;0.0;221.93;29.3;0.0;24.2;49.27;0.0;0.0;-1.0;-1.0;0.0;399.12;0.0;0.0
2018;213;365;586_001;solnu;;233.89;0.0;221.23;29.36;0.0;24.57;50.02;0.0;0.0;-1.0;-1.0;0.0;399.12;0.0;0.0
2018;213;365;587_001;solnu;;232.38;0.0;222.46;30.65;0.0;24.41;49.36;0.0;0.0;-1.0;-1.0;0.0;399.12;0.0;0.0
2018;213;365;588_001;solnu;;232.74;0.0;222.07;30.81;0.0;24.64;49.58;0.0;0.0;-1.0;-1.0;0.0;399.12;0.0;0.0
2018;213;365;589_001;solnu;;232.38;0.0;222.46;30.65;0.0;24.41;49.36;0.0;0.0;-1.0;-1.0;0.0;399.12;0.0;0.0
2018;213;365;590_001;solnu;;232.74;0.0;222.07;30.81;0.0;24.64;49.58;0.0;0.0;-1.0;-1.0;0.0;399.12;0.0;0.0
2018;213;365;591_001;solnu;;232.38;0.0;222.46;30.65;0.0;24.41;49.36;0.0;0.0;-1.0;-1.0;0.0;399.12;0.0;0.0
2018;213;365;592_001;solnu;;232.74;0.0;222.07;30.81;0.0;24.64;49.58;0.0;0.0;-1.0;-1.0;0.0;399.12;0.0;0.0
2018;213;365;593_001;solnu;;232.38;0.0;222.46;30.65;0.0;24.41;49.36;0.0;0.0;-1.0;-1.0;0.0;399.12;0.0;0.0
2018;213;365;594_001;solnu;;232.74;0.0;222.07;30.81;0.0;24.64;49.58;0.0;0.0;-1.0;-1.0;0.0;399.12;0.0;0.0
2018;213;365;595_001;solnu;;232.38;0.0;222.46;30.65;0.0;24.41;49.36;0.0;0.0;-1.0;-1.0;0.0;399.12;0.0;0.0
2018;213;365;596_001;solnu;;232.74;0.0;222.07;30.81;0.0;24.64;49.58;0.0;0.0;-1.0;-1.0;0.0;399.12;0.0;0.0
2018;213;365;597_001;solnu;;232.74;0.0;222.07;30.81;0.0;24.64;49.58;0.0;0.0;-1.0;-1.0;0.0;399.12;0.0;0.0
2018;213;365;598_001;solnu;;235.46;0.0;219.57;29.77;0.0;25.54;51.73;0.0;0.0;-1.0;-1.0;0.0;399.12;0.0;0.0
2018;213;365;599_001;solnu;;233.23;0.0;221.93;29.3;0.0;24.2;49.27;0.0;0.0;-1.0;-1.0;0.0;399.12;0.0;0.0
2018;213;365;600_001;solnu;;233.89;0.0;221.23;29.36;0.0;24.57;50.02;0.0;0.0;-1.0;-1.0;0.0;399.12;0.0;0.0
2018;213;365;601_001;solnu;;232.38;0.0;222.46;30.65;0.0;24.41;49.36;0.0;0.0;-1.0;-1.0;0.0;399.12;0.0;0.0
2018;213;365;602_001;solnu;;232.74;0.0;222.07;30.81;0.0;24.64;49.58;0.0;0.0;-1.0;-1.0;0.0;399.12;0.0;0.0
2018;213;365;603_001;solnu;;232.38;0.0;222.46;30.65;0.0;24.41;49.36;0.0;0.0;-1.0;-1.0;0.0;399.12;0.0;0.0
2018;213;365;604_001;solnu;;232.74;0.0;222.07;30.81;0.0;24.64;49.58;0.0;0.0;-1.0;-1.0;0.0;399.12;0.0;0.0
2018;213;365;605_001;solnu;;232.38;0.0;222.46;30.65;0.0;24.41;49.36;0.0;0.0;-1.0;-1.0;0.0;399.12;0.0;0.0
2018;213;365;606_001;solnu;;232.74;0.0;222.07;30.81;0.0;24.64;49.58;0.0;0.0;-1.0;-1.0;0.0;399.12;0.0;0.0
2018;213;365;607_001;solnu;;232.09;0.0;222.83;30.84;0.0;24.39;49.02;0.0;0.0;-1.0;-1.0;0.0;399.12;0.0;0.0
2018;213;365;608_001;solnu;;232.7;0.0;222.11;31.2;0.0;24.83;49.68;0.0;0.0;-1.0;-1.0;0.0;399.12;0.0;0.0
2018;213;365;609_001;solnu;;236.12;0.0;219.0;29.94;0.0;25.95;51.98;0.0;0.0;-1.0;-1.0;0.0;399.12;0.0;0.0
2018;213;365;610_001;solnu;;235.46;0.0;219.57;29.77;0.0;25.54;51.73;0.0;0.0;-1.0;-1.0;0.0;399.12;0.0;0.0
2018;213;365;611_001;solnu;;232.09;0.0;222.83;30.84;0.0;24.39;49.02;0.0;0.0;-1.0;-1.0;0.0;399.12;0.0;0.0
2018;213;365;612_001;solnu;;232.7;0.0;222.11;31.2;0.0;24.83;49.68;0.0;0.0;-1.0;-1.0;0.0;399.12;0.0;0.0
2018;213;365;613_001;solnu;;233.89;0.0;221.23;29.36;0.0;24.57;50.02;0.0;0.0;-1.0;-1.0;0.0;399.12;0.0;0.0
2018;213;365;614_001;solnu;;232.38;0.0;222.46;30.65;0.0;24.41;49.36;0.0;0.0;-1.0;-1.0;0.0;399.12;0.0;0.0
2018;213;365;615_001;solnu;;232.74;0.0;222.07;30.81;0.0;24.64;49.58;0.0;0.0;-1.0;-1.0;0.0;399.12;0.0;0.0
2018;213;365;616_001;solnu;;232.38;0.0;222.46;30.65;0.0;24.41;49.36;0.0;0.0;-1.0;-1.0;0.0;399.12;0.0;0.0
2018;213;365;617_001;solnu;;232.74;0.0;222.07;30.81;0.0;24.64;49.58;0.0;0.0;-1.0;-1.0;0.0;399.12;0.0;0.0
2018;213;365;618_001;solnu;;232.38;0.0;222.46;30.65;0.0;24.41;49.36;0.0;0.0;-1.0;-1.0;0.0;399.12;0.0;0.0
2018;213;365;619_001;solnu;;232.74;0.0;222.07;30.81;0.0;24.64;49.58;0.0;0.0;-1.0;-1.0;0.0;399.12;0.0;0.0
2018;213;365;620_001;solnu;;232.38;0.0;222.46;30.65;0.0;24.41;49.36;0.0;0.0;-1.0;-1.0;0.0;399.12;0.0;0.0
2018;213;365;621_001;solnu;;232.74;0.0;222.07;30.81;0.0;24.64;49.58;0.0;0.0;-1.0;-1.0;0.0;399.12;0.0;0.0
2018;213;365;622_001;solnu;;232.38;0.0;222.46;30.65;0.0;24.41;49.36;0.0;0.0;-1.0;-1.0;0.0;399.12;0.0;0.0
2018;213;365;623_001;solnu;;232.74;0.0;222.07;30.81;0.0;24.64;49.58;0.0;0.0;-1.0;-1.0;0.0;399.12;0.0;0.0
2018;213;365;624_001;solnu;;232.38;0.0;222.46;30.65;0.0;24.41;49.36;0.0;0.0;-1.0;-1.0;0.0;399.12;0.0;0.0
2018;213;365;625_001;solnu;;232.74;0.0;222.07;30.81;0.0;24.64;49.58;0.0;0.0;-1.0;-1.0;0.0;399.12;0.0;0.0
2018;213;365;626_001;solnu;;232.38;0.0;222.46;30.65;0.0;24.41;49.36;0.0;0.0;-1.0;-1.0;0.0;399.12;0.0;0.0
2018;213;365;627_001;solnu;;232.74;0.0;222.07;30.81;0.0;24.64;49.58;0.0;0.0;-1.0;-1.0;0.0;399.12;0.0;0.0
2018;213;365;628_001;solnu;;232.38;0.0;222.46;30.65;0.0;24.41;49.36;0.0;0.0;-1.0;-1.0;0.0;399.12;0.0;0.0
2018;213;365;629_001;solnu;;232.74;0.0;222.07;30.81;0.0;24.64;49.58;0.0;0.0;-1.0;-1.0;0.0;399.12;0.0;0.0
2018;213;365;630_001;solnu;;232.38;0.0;222.46;30.65;0.0;24.41;49.36;0.0;0.0;-1.0;-1.0;0.0;399.12;0.0;0.0
2018;213;365;631_001;solnu;;232.74;0.0;222.07;30.81;0.0;24.64;49.58;0.0;0.0;-1.0;-1.0;0.0;399.12;0.0;0.0
2018;213;365;632_001;solnu;;236.12;0.0;219.0;29.94;0.0;25.95;51.98;0.0;0.0;-1.0;-1.0;0.0;399.12;0.0;0.0
2018;213;365;633_001;solnu;;235.46;0.0;219.57;29.77;0.0;25.54;51.73;0.0;0.0;-1.0;-1.0;0.0;399.12;0.0;0.0
2018;213;365;634_001;solnu;;232.38;0.0;222.46;30.65;0.0;24.41;49.36;0.0;0.0;-1.0;-1.0;0.0;399.12;0.0;0.0
2018;213;365;635_001;solnu;;232.74;0.0;222.07;30.81;0.0;24.64;49.58;0.0;0.0;-1.0;-1.0;0.0;399.12;0.0;0.0
2018;213;365;636_001;solnu;;232.38;0.0;222.46;30.65;0.0;24.41;49.36;0.0;0.0;-1.0;-1.0;0.0;399.12;0.0;0.0
2018;213;365;637_001;solnu;;232.74;0.0;222.07;30.81;0.0;24.64;49.58;0.0;0.0;-1.0;-1.0;0.0;399.12;0.0;0.0
2018;213;365;638_001;solnu;;232.38;0.0;222.46;30.65;0.0;24.41;49.36;0.0;0.0;-1.0;-1.0;0.0;399.12;0.0;0.0
2018;213;365;639_001;solnu;;232.74;0.0;222.07;30.81;0.0;24.64;49.58;0.0;0.0;-1.0;-1.0;0.0;399.12;0.0;0.0
2018;213;365;640_001;solnu;;233.23;0.0;221.93;29.3;0.0;24.2;49.27;0.0;0.0;-1.0;-1.0;0.0;399.12;0.0;0.0
2018;213;365;641_001;solnu;;233.89;0.0;221.23;29.36;0.0;24.57;50.02;0.0;0.0;-1.0;-1.0;0.0;399.12;0.0;0.0
2018;213;365;642_001;solnu;;233.23;0.0;221.93;29.3;0.0;24.2;49.27;0.0;0.0;-1.0;-1.0;0.0;399.12;0.0;0.0
2018;213;365;643_001;solnu;;233.89;0.0;221.23;29.36;0.0;24.57;50.02;0.0;0.0;-1.0;-1.0;0.0;399.12;0.0;0.0
2018;213;365;644_001;solnu;;232.09;0.0;222.83;30.84;0.0;24.39;49.02;0.0;0.0;-1.0;-1.0;0.0;399.12;0.0;0.0
2018;213;365;645_001;solnu;;232.7;0.0;222.11;31.2;0.0;24.83;49.68;0.0;0.0;-1.0;-1.0;0.0;399.12;0.0;0.0
2018;213;365;646_001;solnu;;236.12;0.0;219.0;29.94;0.0;25.95;51.98;0.0;0.0;-1.0;-1.0;0.0;399.12;0.0;0.0
2018;213;365;647_001;solnu;;235.46;0.0;219.57;29.77;0.0;25.54;51.73;0.0;0.0;-1.0;-1.0;0.0;399.12;0.0;0.0
2018;213;365;648_001;solnu;;232.09;0.0;222.83;30.84;0.0;24.39;49.02;0.0;0.0;-1.0;-1.0;0.0;399.12;0.0;0.0
2018;213;365;649_001;solnu;;232.7;0.0;222.11;31.2;0.0;24.83;49.68;0.0;0.0;-1.0;-1.0;0.0;399.12;0.0;0.0
2018;213;365;650_001;solnu;;232.74;0.0;222.07;30.81;0.0;24.64;49.58;0.0;0.0;-1.0;-1.0;0.0;399.12;0.0;0.0
2018;213;365;651_001;solnu;;232.38;0.0;222.46;30.65;0.0;24.41;49.36;0.0;0.0;-1.0;-1.0;0.0;399.12;0.0;0.0
2018;213;365;652_001;solnu;;232.74;0.0;222.07;30.81;0.0;24.64;49.58;0.0;0.0;-1.0;-1.0;0.0;399.12;0.0;0.0
2018;213;365;653_001;solnu;;232.7;0.0;222.11;31.2;0.0;24.83;49.68;0.0;0.0;-1.0;-1.0;0.0;399.12;0.0;0.0
2018;213;365;654_001;solnu;;232.7;0.0;222.11;31.2;0.0;24.83;49.68;0.0;0.0;-1.0;-1.0;0.0;399.12;0.0;0.0
2018;213;365;655_001;solnu;;232.38;0.0;222.46;30.65;0.0;24.41;49.36;0.0;0.0;-1.0;-1.0;0.0;399.12;0.0;0.0
2018;213;365;656_001;solnu;;232.74;0.0;222.07;30.81;0.0;24.64;49.58;0.0;0.0;-1.0;-1.0;0.0;399.12;0.0;0.0
2018;213;365;657_001;solnu;;232.38;0.0;222.46;30.65;0.0;24.41;49.36;0.0;0.0;-1.0;-1.0;0.0;399.12;0.0;0.0
2018;213;365;658_001;solnu;;232.74;0.0;222.07;30.81;0.0;24.64;49.58;0.0;0.0;-1.0;-1.0;0.0;399.12;0.0;0.0
2018;213;365;659_001;solnu;;232.38;0.0;222.46;30.65;0.0;24.41;49.36;0.0;0.0;-1.0;-1.0;0.0;399.12;0.0;0.0
2018;213;365;660_001;solnu;;232.74;0.0;222.07;30.81;0.0;24.64;49.58;0.0;0.0;-1.0;-1.0;0.0;399.12;0.0;0.0
2018;213;365;661_001;solnu;;232.38;0.0;222.46;30.65;0.0;24.41;49.36;0.0;0.0;-1.0;-1.0;0.0;399.12;0.0;0.0
2018;213;365;662_001;solnu;;232.74;0.0;222.07;30.81;0.0;24.64;49.58;0.0;0.0;-1.0;-1.0;0.0;399.12;0.0;0.0
2018;213;365;663_001;solnu;;232.74;0.0;222.07;30.81;0.0;24.64;49.58;0.0;0.0;-1.0;-1.0;0.0;399.12;0.0;0.0
2018;213;365;664_001;solnu;;232.38;0.0;222.46;30.65;0.0;24.41;49.36;0.0;0.0;-1.0;-1.0;0.0;399.12;0.0;0.0
2018;213;365;665_001;solnu;;232.74;0.0;222.07;30.81;0.0;24.64;49.58;0.0;0.0;-1.0;-1.0;0.0;399.12;0.0;0.0
2018;213;365;666_001;solnu;;232.09;0.0;222.83;30.84;0.0;24.39;49.02;0.0;0.0;-1.0;-1.0;0.0;399.12;0.0;0.0
2018;213;365;667_001;solnu;;232.7;0.0;222.11;31.2;0.0;24.83;49.68;0.0;0.0;-1.0;-1.0;0.0;399.12;0.0;0.0
2018;213;365;668_001;solnu;;232.09;0.0;222.83;30.84;0.0;24.39;49.02;0.0;0.0;-1.0;-1.0;0.0;399.12;0.0;0.0
2018;213;365;669_001;solnu;;232.7;0.0;222.11;31.2;0.0;24.83;49.68;0.0;0.0;-1.0;-1.0;0.0;399.12;0.0;0.0
2018;213;365;670_001;solnu;;236.12;0.0;219.0;29.94;0.0;25.95;51.98;0.0;0.0;-1.0;-1.0;0.0;399.12;0.0;0.0
2018;213;365;671_001;solnu;;235.46;0.0;219.57;29.77;0.0;25.54;51.73;0.0;0.0;-1.0;-1.0;0.0;399.12;0.0;0.0
2018;213;365;672_001;solnu;;232.38;0.0;222.46;30.65;0.0;24.41;49.36;0.0;0.0;-1.0;-1.0;0.0;399.12;0.0;0.0
2018;213;365;673_001;solnu;;232.74;0.0;222.07;30.81;0.0;24.64;49.58;0.0;0.0;-1.0;-1.0;0.0;399.12;0.0;0.0
2018;213;365;674_001;solnu;;232.38;0.0;222.46;30.65;0.0;24.41;49.36;0.0;0.0;-1.0;-1.0;0.0;399.12;0.0;0.0
2018;213;365;675_001;solnu;;232.74;0.0;222.07;30.81;0.0;24.64;49.58;0.0;0.0;-1.0;-1.0;0.0;399.12;0.0;0.0
2018;213;365;676_001;solnu;;232.38;0.0;222.46;30.65;0.0;24.41;49.36;0.0;0.0;-1.0;-1.0;0.0;399.12;0.0;0.0
2018;213;365;677_001;solnu;;232.74;0.0;222.07;30.81;0.0;24.64;49.58;0.0;0.0;-1.0;-1.0;0.0;399.12;0.0;0.0
2018;213;365;678_001;solnu;;232.74;0.0;222.07;30.81;0.0;24.64;49.58;0.0;0.0;-1.0;-1.0;0.0;399.12;0.0;0.0
2018;213;365;679_001;solnu;;232.38;0.0;222.46;30.65;0.0;24.41;49.36;0.0;0.0;-1.0;-1.0;0.0;399.12;0.0;0.0
2018;213;365;680_001;solnu;;232.74;0.0;222.07;30.81;0.0;24.64;49.58;0.0;0.0;-1.0;-1.0;0.0;399.12;0.0;0.0
2018;213;365;681_001;solnu;;233.23;0.0;221.93;29.3;0.0;24.2;49.27;0.0;0.0;-1.0;-1.0;0.0;399.12;0.0;0.0
2018;213;365;682_001;solnu;;233.89;0.0;221.23;29.36;0.0;24.57;50.02;0.0;0.0;-1.0;-1.0;0.0;399.12;0.0;0.0
2018;213;365;683_001;solnu;;233.23;0.0;221.93;29.3;0.0;24.2;49.27;0.0;0.0;-1.0;-1.0;0.0;399.12;0.0;0.0
2018;213;365;684_001;solnu;;233.89;0.0;221.23;29.36;0.0;24.57;50.02;0.0;0.0;-1.0;-1.0;0.0;399.12;0.0;0.0
2018;213;365;685_001;solnu;;232.38;0.0;222.46;30.65;0.0;24.41;49.36;0.0;0.0;-1.0;-1.0;0.0;399.12;0.0;0.0
2018;213;365;686_001;solnu;;232.74;0.0;222.07;30.81;0.0;24.64;49.58;0.0;0.0;-1.0;-1.0;0.0;399.12;0.0;0.0
2018;213;365;687_001;solnu;;232.38;0.0;222.46;30.65;0.0;24.41;49.36;0.0;0.0;-1.0;-1.0;0.0;399.12;0.0;0.0
2018;213;365;688_001;solnu;;232.74;0.0;222.07;30.81;0.0;24.64;49.58;0.0;0.0;-1.0;-1.0;0.0;399.12;0.0;0.0
2018;213;365;689_001;solnu;;232.38;0.0;222.46;30.65;0.0;24.41;49.36;0.0;0.0;-1.0;-1.0;0.0;399.12;0.0;0.0
2018;213;365;690_001;solnu;;232.74;0.0;222.07;30.81;0.0;24.64;49.58;0.0;0.0;-1.0;-1.0;0.0;399.12;0.0;0.0
2018;213;365;691_001;solnu;;232.38;0.0;222.46;30.65;0.0;24.41;49.36;0.0;0.0;-1.0;-1.0;0.0;399.12;0.0;0.0
2018;213;365;692_001;solnu;;232.74;0.0;222.07;30.81;0.0;24.64;49.58;0.0;0.0;-1.0;-1.0;0.0;399.12;0.0;0.0
2018;213;365;693_001;solnu;;232.38;0.0;222.46;30.65;0.0;24.41;49.36;0.0;0.0;-1.0;-1.0;0.0;399.12;0.0;0.0
2018;213;365;694_001;solnu;;232.74;0.0;222.07;30.81;0.0;24.64;49.58;0.0;0.0;-1.0;-1.0;0.0;399.12;0.0;0.0
2018;213;365;695_001;solnu;;232.74;0.0;222.07;30.81;0.0;24.64;49.58;0.0;0.0;-1.0;-1.0;0.0;399.12;0.0;0.0
2018;213;365;696_001;solnu;;232.38;0.0;222.46;30.65;0.0;24.41;49.36;0.0;0.0;-1.0;-1.0;0.0;399.12;0.0;0.0
2018;213;365;697_001;solnu;;232.74;0.0;222.07;30.81;0.0;24.64;49.58;0.0;0.0;-1.0;-1.0;0.0;399.12;0.0;0.0
2018;213;365;698_001;solnu;;232.38;0.0;222.46;30.65;0.0;24.41;49.36;0.0;0.0;-1.0;-1.0;0.0;399.12;0.0;0.0
2018;213;365;699_001;solnu;;232.74;0.0;222.07;30.81;0.0;24.64;49.58;0.0;0.0;-1.0;-1.0;0.0;399.12;0.0;0.0
2018;213;365;700_001;solnu;;232.09;0.0;222.83;30.84;0.0;24.39;49.02;0.0;0.0;-1.0;-1.0;0.0;399.12;0.0;0.0
2018;213;365;701_001;solnu;;232.7;0.0;222.11;31.2;0.0;24.83;49.68;0.0;0.0;-1.0;-1.0;0.0;399.12;0.0;0.0
2018;213;365;702_001;solnu;;232.38;0.0;222.46;30.65;0.0;24.41;49.36;0.0;0.0;-1.0;-1.0;0.0;399.12;0.0;0.0
2018;213;365;703_001;solnu;;232.74;0.0;222.07;30.81;0.0;24.64;49.58;0.0;0.0;-1.0;-1.0;0.0;399.12;0.0;0.0
2018;213;365;704_001;solnu;;232.38;0.0;222.46;30.65;0.0;24.41;49.36;0.0;0.0;-1.0;-1.0;0.0;399.12;0.0;0.0
2018;213;365;705_001;solnu;;232.74;0.0;222.07;30.81;0.0;24.64;49.58;0.0;0.0;-1.0;-1.0;0.0;399.12;0.0;0.0
2018;213;365;706_001;solnu;;232.7;0.0;222.11;31.2;0.0;24.83;49.68;0.0;0.0;-1.0;-1.0;0.0;399.12;0.0;0.0
2018;213;365;707_001;solnu;;232.09;0.0;222.83;30.84;0.0;24.39;49.02;0.0;0.0;-1.0;-1.0;0.0;399.12;0.0;0.0
2018;213;365;708_001;solnu;;232.7;0.0;222.11;31.2;0.0;24.83;49.68;0.0;0.0;-1.0;-1.0;0.0;399.12;0.0;0.0
2018;213;365;709_001;solnu;;232.09;0.0;222.83;30.84;0.0;24.39;49.02;0.0;0.0;-1.0;-1.0;0.0;399.12;0.0;0.0
2018;213;365;710_001;solnu;;232.7;0.0;222.11;31.2;0.0;24.83;49.68;0.0;0.0;-1.0;-1.0;0.0;399.12;0.0;0.0
2018;213;365;711_001;solnu;;232.38;0.0;222.46;30.65;0.0;24.41;49.36;0.0;0.0;-1.0;-1.0;0.0;399.12;0.0;0.0
2018;213;365;712_001;solnu;;232.74;0.0;222.07;30.81;0.0;24.64;49.58;0.0;0.0;-1.0;-1.0;0.0;399.12;0.0;0.0
2018;213;365;713_001;solnu;;232.38;0.0;222.46;30.65;0.0;24.41;49.36;0.0;0.0;-1.0;-1.0;0.0;399.12;0.0;0.0
2018;213;365;714_001;solnu;;232.74;0.0;222.07;30.81;0.0;24.64;49.58;0.0;0.0;-1.0;-1.0;0.0;399.12;0.0;0.0
2018;213;365;715_001;solnu;;232.38;0.0;222.46;30.65;0.0;24.41;49.36;0.0;0.0;-1.0;-1.0;0.0;399.12;0.0;0.0
2018;213;365;716_001;solnu;;232.74;0.0;222.07;30.81;0.0;24.64;49.58;0.0;0.0;-1.0;-1.0;0.0;399.12;0.0;0.0
2018;213;365;717_001;solnu;;232.38;0.0;222.46;30.65;0.0;24.41;49.36;0.0;0.0;-1.0;-1.0;0.0;399.12;0.0;0.0
2018;213;365;718_001;solnu;;232.74;0.0;222.07;30.81;0.0;24.64;49.58;0.0;0.0;-1.0;-1.0;0.0;399.12;0.0;0.0
2018;213;365;719_001;solnu;;232.38;0.0;222.46;30.65;0.0;24.41;49.36;0.0;0.0;-1.0;-1.0;0.0;399.12;0.0;0.0
2018;213;365;720_001;solnu;;232.74;0.0;222.07;30.81;0.0;24.64;49.58;0.0;0.0;-1.0;-1.0;0.0;399.12;0.0;0.0
2018;213;365;721_001;solnu;;232.09;0.0;222.83;30.84;0.0;24.39;49.02;0.0;0.0;-1.0;-1.0;0.0;399.12;0.0;0.0
2018;213;365;722_001;solnu;;232.7;0.0;222.11;31.2;0.0;24.83;49.68;0.0;0.0;-1.0;-1.0;0.0;399.12;0.0;0.0
2018;213;365;723_001;solnu;;232.09;0.0;222.83;30.84;0.0;24.39;49.02;0.0;0.0;-1.0;-1.0;0.0;399.12;0.0;0.0
2018;213;365;724_001;solnu;;232.7;0.0;222.11;31.2;0.0;24.83;49.68;0.0;0.0;-1.0;-1.0;0.0;399.12;0.0;0.0
2018;213;365;725_001;solnu;;232.38;0.0;222.46;30.65;0.0;24.41;49.36;0.0;0.0;-1.0;-1.0;0.0;399.12;0.0;0.0
2018;213;365;726_001;solnu;;232.74;0.0;222.07;30.81;0.0;24.64;49.58;0.0;0.0;-1.0;-1.0;0.0;399.12;0.0;0.0
2018;213;365;727_001;solnu;;232.38;0.0;222.46;30.65;0.0;24.41;49.36;0.0;0.0;-1.0;-1.0;0.0;399.12;0.0;0.0
2018;213;365;728_001;solnu;;232.74;0.0;222.07;30.81;0.0;24.64;49.58;0.0;0.0;-1.0;-1.0;0.0;399.12;0.0;0.0
2018;213;365;729_001;solnu;;233.23;0.0;221.93;29.3;0.0;24.2;49.27;0.0;0.0;-1.0;-1.0;0.0;399.12;0.0;0.0
2018;213;365;730_001;solnu;;233.89;0.0;221.23;29.36;0.0;24.57;50.02;0.0;0.0;-1.0;-1.0;0.0;399.12;0.0;0.0
2018;213;365;731_001;solnu;;232.74;0.0;222.07;30.81;0.0;24.64;49.58;0.0;0.0;-1.0;-1.0;0.0;399.12;0.0;0.0
2018;213;365;732_001;solnu;;233.23;0.0;221.93;29.3;0.0;24.2;49.27;0.0;0.0;-1.0;-1.0;0.0;399.12;0.0;0.0
2018;213;365;733_001;solnu;;233.89;0.0;221.23;29.36;0.0;24.57;50.02;0.0;0.0;-1.0;-1.0;0.0;399.12;0.0;0.0
2018;213;365;734_001;solnu;;232.38;0.0;222.46;30.65;0.0;24.41;49.36;0.0;0.0;-1.0;-1.0;0.0;399.12;0.0;0.0
2018;213;365;735_001;solnu;;232.74;0.0;222.07;30.81;0.0;24.64;49.58;0.0;0.0;-1.0;-1.0;0.0;399.12;0.0;0.0
2018;213;365;736_001;solnu;;232.74;0.0;222.07;30.81;0.0;24.64;49.58;0.0;0.0;-1.0;-1.0;0.0;399.12;0.0;0.0
2018;213;365;737_001;solnu;;233.23;0.0;221.93;29.3;0.0;24.2;49.27;0.0;0.0;-1.0;-1.0;0.0;399.12;0.0;0.0
2018;213;365;738_001;solnu;;233.89;0.0;221.23;29.36;0.0;24.57;50.02;0.0;0.0;-1.0;-1.0;0.0;399.12;0.0;0.0
2018;213;365;739_001;solnu;;232.38;0.0;222.46;30.65;0.0;24.41;49.36;0.0;0.0;-1.0;-1.0;0.0;399.12;0.0;0.0
2018;213;365;740_001;solnu;;232.74;0.0;222.07;30.81;0.0;24.64;49.58;0.0;0.0;-1.0;-1.0;0.0;399.12;0.0;0.0
2018;213;365;741_001;solnu;;232.38;0.0;222.46;30.65;0.0;24.41;49.36;0.0;0.0;-1.0;-1.0;0.0;399.12;0.0;0.0
2018;213;365;742_001;solnu;;232.74;0.0;222.07;30.81;0.0;24.64;49.58;0.0;0.0;-1.0;-1.0;0.0;399.12;0.0;0.0
2018;213;365;743_001;solnu;;232.74;0.0;222.07;30.81;0.0;24.64;49.58;0.0;0.0;-1.0;-1.0;0.0;399.12;0.0;0.0
2018;213;365;744_001;solnu;;232.38;0.0;222.46;30.65;0.0;24.41;49.36;0.0;0.0;-1.0;-1.0;0.0;399.12;0.0;0.0
2018;213;365;745_001;solnu;;232.74;0.0;222.07;30.81;0.0;24.64;49.58;0.0;0.0;-1.0;-1.0;0.0;399.12;0.0;0.0
2018;213;365;746_001;solnu;;233.23;0.0;221.93;29.3;0.0;24.2;49.27;0.0;0.0;-1.0;-1.0;0.0;399.12;0.0;0.0
2018;213;365;747_001;solnu;;233.89;0.0;221.23;29.36;0.0;24.57;50.02;0.0;0.0;-1.0;-1.0;0.0;399.12;0.0;0.0
2018;213;365;748_001;solnu;;233.23;0.0;221.93;29.3;0.0;24.2;49.27;0.0;0.0;-1.0;-1.0;0.0;399.12;0.0;0.0
2018;213;365;749_001;solnu;;233.89;0.0;221.23;29.36;0.0;24.57;50.02;0.0;0.0;-1.0;-1.0;0.0;399.12;0.0;0.0
