idParcelle;surface [m2];zone_pedo;matIrr
1_001;3181.2242103523404;dior_cc_avec_arbr;null
2_001;5867.61860992035;dior_cc_sans_arbr;null
3_001;1045.51693142694;dekk_cb_avec_arbr;null
4_001;4977.74094089247;dekk_cb_sans_arbr;null
5_001;2503.00559355996;dior_cb_avec_arbr;null
6_001;8224.09785449735;dior_cb_sans_arbr;null
7_001;674.1124434956799;dior_cb_avec_arbr;null
8_001;4778.657170754;dior_cb_sans_arbr;null
9_001;1343.2476330715401;dior_cb_sans_arbr;null
10_001;8139.06776080458;dior_cb_sans_arbr;null
11_001;2822.78882155115;dior_cb_avec_arbr;null
12_001;1848.56854744387;dior_cb_sans_arbr;null
13_001;2454.71283630439;dior_cb_avec_arbr;null
14_001;10912.2520180604;dior_cb_sans_arbr;null
15_001;15840.95316022051;dior_cb_sans_arbr;null
16_001;854.7839363252301;dior_cb_avec_arbr;null
17_001;2520.4157280799;dior_cb_sans_arbr;null
19_001;1919.94584009592;dior_cc_avec_arbr;null
20_001;6842.68418612885;dior_cc_sans_arbr;null
21_001;996.66644643491;dior_cb_avec_arbr;null
22_001;4877.570013760061;dior_cb_sans_arbr;null
23_001;2122.59784230594;dior_cb_avec_arbr;null
24_001;1338.42311139197;dior_cb_sans_arbr;null
25_001;4252.93802206437;dior_cc_avec_arbr;null
26_001;3498.5024940224703;dior_cc_sans_arbr;null
27_001;487.85110169367;dior_cb_sans_arbr;null
28_001;4936.95872972558;dior_cb_avec_arbr;null
29_001;5328.441544217209;dior_cb_sans_arbr;null
30_001;906.462513767;dior_cb_avec_arbr;null
31_001;6752.094848167099;dior_cb_sans_arbr;null
32_001;829.18651179971;dior_cb_avec_arbr;null
33_001;4265.889946872569;dior_cb_sans_arbr;null
34_001;906.462513767;dior_cb_avec_arbr;null
35_001;9623.26666350398;dior_cb_sans_arbr;null
36_001;1239.79143015316;dior_cb_avec_arbr;null
37_001;3016.08547646464;dior_cb_sans_arbr;null
38_001;222.83278664173002;dior_cb_avec_arbr;null
39_001;1209.77850523086;dior_cb_sans_arbr;null
40_001;2.78366424462;dior_cb_avec_arbr;null
41_001;3450.0807241104903;dior_cb_sans_arbr;null
42_001;1228.47668665032;dekk_cb_avec_arbr;null
43_001;831.12671251056;dekk_cb_sans_arbr;null
44_001;1603.38252230525;dekk_cb_avec_arbr;null
45_001;3402.9215187205405;dekk_cb_sans_arbr;null
46_001;1180.21530093736;dekk_cb_avec_arbr;null
47_001;2940.39642454831;dekk_cb_sans_arbr;null
48_001;735.1961447078301;dekk_cb_avec_arbr;null
49_001;6996.3050599216;dekk_cb_sans_arbr;null
50_001;846.5266895080099;dior_cb_avec_arbr;null
51_001;1057.05521634514;dior_cb_sans_arbr;null
52_001;2780.3961191528297;dior_cc_avec_arbr;null
53_001;2425.4720569535602;dior_cc_sans_arbr;null
54_001;1290.58774412594;dior_cc_avec_arbr;null
55_001;1496.8517625811;dior_cc_sans_arbr;null
56_001;3079.48269378145;dior_cb_avec_arbr;null
57_001;4008.94178917807;dior_cb_sans_arbr;null
58_001;1537.32488723995;dior_cb_avec_arbr;null
59_001;3046.26516390385;dior_cb_sans_arbr;null
60_001;910.19485719402;dior_cb_avec_arbr;null
61_001;5143.27110220234;dior_cb_sans_arbr;null
62_001;1949.77266978647;dior_cb_avec_arbr;null
63_001;3397.3812249327702;dior_cb_sans_arbr;null
64_001;28.67475065189;dekk_cb_avec_arbr;null
65_001;3560.0144469513502;dekk_cb_sans_arbr;null
66_001;1674.7516440275801;dior_cb_avec_arbr;null
67_001;1420.16482256319;dior_cb_sans_arbr;null
68_001;4085.32065418874;dior_cb_sans_arbr;null
69_001;1114.32662224436;dekk_cb_avec_arbr;null
70_001;6111.7642619831;dekk_cb_sans_arbr;null
71_001;628.68448436024;dior_cc_avec_arbr;null
72_001;1043.82766481447;dior_cc_sans_arbr;null
73_001;5993.92234039528;dior_cc_avec_arbr;null
74_001;6168.20637543348;dior_cc_sans_arbr;null
75_001;736.43600035555;dior_cb_avec_arbr;null
76_001;4294.51550299765;dior_cb_sans_arbr;null
77_001;1090.41529454773;dior_cb_avec_arbr;null
78_001;4867.00949154794;dior_cb_sans_arbr;null
79_001;1018.3556447590499;dior_cb_avec_arbr;null
80_001;5183.78694494762;dior_cb_sans_arbr;null
81_001;685.6685532775;dior_cb_avec_arbr;null
82_001;3232.12150807259;dior_cb_sans_arbr;null
83_001;2184.42309919827;dior_cb_avec_arbr;null
84_001;9905.053768006619;dior_cb_sans_arbr;null
85_001;1441.4269558696699;dior_cb_avec_arbr;null
86_001;5528.777420566629;dior_cb_sans_arbr;null
87_001;1533.2661580117601;dior_cb_avec_arbr;null
88_001;6178.034846356721;dior_cb_sans_arbr;null
89_001;5408.89682583344;dekk_cb_avec_arbr;null
90_001;15821.59532699476;dekk_cb_sans_arbr;null
91_001;531.70804602549;dior_cb_avec_arbr;null
92_001;5030.181941354001;dior_cb_sans_arbr;null
93_001;108.5979746666;dior_cb_avec_arbr;null
94_001;8391.164830774;dior_cb_sans_arbr;null
95_001;1417.39947469217;dekk_cb_avec_arbr;null
96_001;4556.08450255308;dekk_cb_sans_arbr;null
97_001;172.23416606658998;dior_cb_avec_arbr;null
98_001;1459.92480166622;dior_cb_sans_arbr;null
99_001;2365.74824689494;dior_cb_avec_arbr;null
100_001;5557.88983912914;dior_cb_sans_arbr;null
101_001;8324.42443018939;dior_cb_sans_arbr;null
102_001;2540.53803376601;dior_cb_avec_arbr;null
103_001;9643.64500599319;dior_cb_sans_arbr;null
104_001;1200.39717224934;dekk_cb_avec_arbr;null
105_001;7843.32841636313;dekk_cb_sans_arbr;null
106_001;1679.3619255623098;dekkMbel_cb_avec_arbr;null
107_001;7588.04228523998;dekkMbel_cb_sans_arbr;null
108_001;2014.75148207368;dekkMbel_cb_sans_arbr;null
109_001;4069.5419806097198;dior_cb_sans_arbr;null
110_001;1444.9863461489601;dior_cb_sans_arbr;null
111_001;6938.7448686384205;dior_cb_sans_arbr;null
112_001;265.58287637203;dior_cc_avec_arbr;null
113_001;4070.3947989773496;dior_cc_sans_arbr;null
114_001;552.17470597632;dior_cb_avec_arbr;null
115_001;1924.52506520625;dior_cb_sans_arbr;null
116_001;60.152571727129995;dior_cb_avec_arbr;null
117_001;2101.89884810079;dior_cb_sans_arbr;null
118_001;572.03378506162;dior_cb_avec_arbr;null
119_001;908.2634065985799;dior_cb_sans_arbr;null
120_001;249.98998484347;dior_cc_avec_arbr;null
121_001;499.81840421767004;dior_cc_sans_arbr;null
122_001;1891.550917333;dior_cc_avec_arbr;null
123_001;305.8897143192;dior_cc_sans_arbr;null
124_001;1755.0053494453;dior_cb_sans_arbr;null
125_001;1516.90273848041;dior_cb_avec_arbr;null
126_001;4183.1837378932105;dior_cb_sans_arbr;null
127_001;3794.50684288536;dior_cb_sans_arbr;null
128_001;1886.03894818546;dior_cb_sans_arbr;null
129_001;652.67370495128;dior_cb_avec_arbr;null
130_001;1101.23145205206;dior_cb_sans_arbr;null
131_001;3719.62371107214;dior_cb_sans_arbr;null
132_001;920.23367353031;dior_cb_avec_arbr;null
133_001;3057.5367419407603;dior_cb_sans_arbr;null
134_001;2063.75559493213;dior_cb_avec_arbr;null
135_001;569.44173247808;dior_cb_sans_arbr;null
136_001;670.1871978583899;dior_cb_avec_arbr;null
137_001;4638.67673744312;dior_cb_sans_arbr;null
138_001;725.40412165375;dior_cb_avec_arbr;null
139_001;2583.1664398229796;dior_cb_sans_arbr;null
140_001;898.35677799109;dior_cb_avec_arbr;null
141_001;4812.35894830641;dior_cb_sans_arbr;null
142_001;579.55922073378;dior_cb_avec_arbr;null
143_001;5419.64238720795;dior_cb_sans_arbr;null
144_001;249.57025233086998;dekk_cb_avec_arbr;null
145_001;2157.0564231161097;dekk_cb_sans_arbr;null
146_001;2785.3377921621504;dekk_cb_sans_arbr;null
147_001;943.12177228068;dekk_cb_avec_arbr;null
148_001;2953.6410877695303;dekk_cb_sans_arbr;null
149_001;962.29099631902;dior_cb_avec_arbr;null
150_001;1771.87447423387;dior_cb_sans_arbr;null
153_001;540.76175399558;dior_cb_avec_arbr;null
154_001;3928.69267916245;dior_cb_sans_arbr;null
155_001;4907.69499337411;dior_cb_sans_arbr;null
156_001;5795.21302315116;dior_cb_sans_arbr;null
157_001;51.27074990335;dior_cb_avec_arbr;null
158_001;4873.43190297256;dior_cb_sans_arbr;null
159_001;1198.60266942308;dior_cb_avec_arbr;null
160_001;1688.02534583713;dior_cb_sans_arbr;null
161_001;1023.81428017113;dior_cb_avec_arbr;null
162_001;4534.1828600544295;dior_cb_sans_arbr;null
163_001;875.4082255932;dior_cb_avec_arbr;null
164_001;5023.05051567953;dior_cb_sans_arbr;null
165_001;2735.1604096177703;dior_cb_avec_arbr;null
166_001;2255.12909679606;dior_cb_sans_arbr;null
167_001;1108.9427175325;dior_cb_avec_arbr;null
168_001;2441.49411019502;dior_cb_sans_arbr;null
169_001;2382.20665970017;dior_cc_avec_arbr;null
170_001;520.49417549328;dior_cc_sans_arbr;null
171_001;1586.98306653382;dior_cc_sans_arbr;null
172_001;888.5404938163;dior_cb_avec_arbr;null
173_001;2693.1051747105003;dior_cb_sans_arbr;null
174_001;1109.45183349281;dior_cb_avec_arbr;null
175_001;3915.87928629221;dior_cb_sans_arbr;null
176_001;2928.84012943684;dior_cb_avec_arbr;null
177_001;4322.99910239212;dior_cb_sans_arbr;null
178_001;631.3139029493001;dekk_cb_avec_arbr;null
179_001;5408.35714202513;dekk_cb_sans_arbr;null
180_001;1238.4102307840799;dior_cc_avec_arbr;null
181_001;469.62206048351004;dior_cc_sans_arbr;null
182_001;1743.7966447918498;dior_cb_avec_arbr;null
183_001;6099.28797330545;dior_cb_sans_arbr;null
184_001;610.40650566689;dior_cb_avec_arbr;null
185_001;8814.28493932568;dior_cb_sans_arbr;null
186_001;6100.93793778382;dior_cc_avec_arbr;null
187_001;1861.61940016463;dior_cc_sans_arbr;null
188_001;1842.2957631923;dior_cb_sans_arbr;null
189_001;2001.6127021191398;dior_cb_sans_arbr;null
190_001;758.8278912091399;dior_cb_avec_arbr;null
191_001;3372.85372435519;dior_cb_sans_arbr;null
192_001;1267.98880664729;dior_cb_sans_arbr;null
193_001;3116.19294949353;dekk_cb_avec_arbr;null
194_001;12533.1011161975;dekk_cb_sans_arbr;null
195_001;1590.00994188583;dior_cc_avec_arbr;null
196_001;8413.040013651831;dior_cc_sans_arbr;null
197_001;658.8152058989399;dekk_cb_avec_arbr;null
198_001;3610.8267260541897;dekk_cb_sans_arbr;null
199_001;2475.58344404972;dekk_cb_sans_arbr;null
200_001;70.09281230593;dior_cb_avec_arbr;null
201_001;1252.5486527434098;dior_cb_sans_arbr;null
202_001;2317.71419534402;dior_cb_sans_arbr;null
203_001;1241.4250226628399;dior_cb_sans_arbr;null
204_001;2021.821125367;dior_cc_avec_arbr;null
205_001;1935.6882969081198;dior_cc_sans_arbr;null
206_001;2155.41725891958;dior_cc_avec_arbr;null
207_001;2853.7920742772;dior_cc_sans_arbr;null
208_001;1351.0964857537;dior_cc_avec_arbr;null
209_001;6423.8394227627805;dior_cc_sans_arbr;null
210_001;1076.9644403921;dekk_cb_avec_arbr;null
211_001;3922.35583194669;dekk_cb_sans_arbr;null
212_001;2280.70858849563;dekk_cb_avec_arbr;null
213_001;4941.18307143578;dekk_cb_sans_arbr;null
214_001;4046.70748934646;dior_cb_avec_arbr;null
215_001;12884.24988661911;dior_cb_sans_arbr;null
216_001;3675.44222499045;dekk_cb_avec_arbr;null
217_001;3196.7151211432997;dekk_cb_sans_arbr;null
218_001;1046.92102491264;dekkMbel_cb_avec_arbr;null
219_001;8095.709486681049;dekkMbel_cb_sans_arbr;null
220_001;532.12221555904;dekkMbel_cb_avec_arbr;null
221_001;1396.04151860206;dekkMbel_cb_sans_arbr;null
222_001;2653.08029340241;dekk_cb_avec_arbr;null
223_001;6461.65135251478;dekk_cb_sans_arbr;null
224_001;5553.862500786209;dior_cb_avec_arbr;null
225_001;15601.46619764278;dior_cb_sans_arbr;null
226_001;3658.4958205394005;dior_cb_avec_arbr;null
227_001;3771.7788529847303;dior_cb_sans_arbr;null
228_001;1534.92102486091;dior_cb_avec_arbr;null
229_001;6324.39595591924;dior_cb_sans_arbr;null
230_001;708.77738480951;dior_cb_avec_arbr;null
231_001;870.38774725244;dior_cb_sans_arbr;null
232_001;152.53544181066;dior_cb_avec_arbr;null
233_001;3497.59989912386;dior_cb_sans_arbr;null
234_001;3101.36443281128;dior_cc_avec_arbr;null
235_001;2011.24529887631;dior_cc_sans_arbr;null
236_001;1679.98675130667;dior_cb_avec_arbr;null
237_001;3040.38201805905;dior_cb_sans_arbr;null
238_001;1602.18392390686;dior_cb_avec_arbr;null
239_001;3522.53816432629;dior_cb_sans_arbr;null
240_001;935.03176141148;dior_cb_avec_arbr;null
241_001;2610.4283979216298;dior_cb_sans_arbr;null
242_001;3789.4932525331496;dior_cb_avec_arbr;null
243_001;5291.46767300522;dior_cb_sans_arbr;null
244_001;1256.77362629184;dior_cb_avec_arbr;null
245_001;5335.858190863601;dior_cb_sans_arbr;null
246_001;1666.8532994461698;dior_cb_avec_arbr;null
247_001;4676.08255350446;dior_cb_sans_arbr;null
248_001;298.74197754614;dior_cb_avec_arbr;null
249_001;5803.29419548157;dior_cb_sans_arbr;null
250_001;906.462513767;dekk_cb_avec_arbr;null
251_001;4718.0623099813;dekk_cb_sans_arbr;null
252_001;708.7485731153299;dior_cc_avec_arbr;null
253_001;4746.44586923548;dior_cc_sans_arbr;null
255_001;1781.36928727541;dekk_cb_avec_arbr;null
256_001;5697.94640019987;dekk_cb_sans_arbr;null
257_001;127.72247447931;dior_cb_avec_arbr;null
258_001;7801.0663440404705;dior_cb_sans_arbr;null
259_001;563.04546713277;dior_cb_avec_arbr;null
260_001;3751.02093161151;dior_cb_sans_arbr;null
261_001;3093.99338151602;dior_cb_sans_arbr;null
262_001;5923.797976976441;dior_cb_sans_arbr;null
263_001;3140.24103166821;dior_cb_sans_arbr;null
264_001;5502.65326565326;dior_cb_sans_arbr;null
265_001;657.70327264984;dior_cb_avec_arbr;null
266_001;2629.20733917413;dior_cb_sans_arbr;null
267_001;1740.55478699221;dior_cc_avec_arbr;null
268_001;1798.67459731601;dior_cc_sans_arbr;null
269_001;7750.59925701838;dior_cc_avec_arbr;null
270_001;1750.75434640409;dior_cc_sans_arbr;null
271_001;72.62679651789;dior_cc_avec_arbr;null
272_001;2673.03543935113;dior_cc_sans_arbr;null
275_001;4848.77873237282;dekk_cb_sans_arbr;null
276_001;1185.71951155656;dior_cb_avec_arbr;null
277_001;1865.45991777526;dior_cb_sans_arbr;null
278_001;636.98836251481;dior_cb_avec_arbr;null
279_001;2265.77792829411;dior_cb_sans_arbr;null
280_001;512.69834174213;dior_cb_avec_arbr;null
281_001;1107.30337982746;dior_cb_sans_arbr;null
282_001;550.5520133116399;dekkMbel_cb_avec_arbr;null
283_001;986.0129845512699;dekkMbel_cb_sans_arbr;null
284_001;608.1144831605001;dior_cc_avec_arbr;null
285_001;1307.22269763383;dior_cc_sans_arbr;null
286_001;3869.61088287829;dior_cb_sans_arbr;null
287_001;171.30933019244;dior_cb_avec_arbr;null
288_001;2115.5136630719603;dior_cb_sans_arbr;null
289_001;622.16780202956;dior_cb_avec_arbr;null
290_001;2501.9364039776196;dior_cb_sans_arbr;null
291_001;986.54574475585;dekk_cb_avec_arbr;null
292_001;12492.767218023171;dekk_cb_sans_arbr;null
293_001;1682.59550588348;dekk_cb_avec_arbr;null
294_001;2302.41788279767;dekk_cb_sans_arbr;null
295_001;839.70028755026;dekk_cb_sans_arbr;null
296_001;2382.91131398792;dekk_cb_sans_arbr;null
297_001;2791.00192995719;dekk_cb_avec_arbr;null
298_001;6171.94655662897;dekk_cb_sans_arbr;null
299_001;899.41069642303;dior_cb_avec_arbr;null
300_001;8105.27011064072;dior_cb_sans_arbr;null
301_001;2000.1130282725699;dior_cb_avec_arbr;null
302_001;9296.02907634408;dior_cb_sans_arbr;null
303_001;1077.29999984602;dior_cb_avec_arbr;null
304_001;9731.6004633049;dior_cb_sans_arbr;null
305_001;4908.54024738917;dior_cc_avec_arbr;null
306_001;4102.92907112682;dior_cc_sans_arbr;null
307_001;784.27247166828;dior_cb_sans_arbr;null
308_001;906.462513767;dior_cb_avec_arbr;null
309_001;11655.176299936229;dior_cb_sans_arbr;null
310_001;1143.41231128294;dekk_cb_avec_arbr;null
311_001;9968.19082857835;dekk_cb_sans_arbr;null
312_001;746.63198152962;dekk_cb_avec_arbr;null
313_001;1293.9331143832;dekk_cb_sans_arbr;null
314_001;1304.2291604022798;dekk_cb_avec_arbr;null
315_001;8272.28617930222;dekk_cb_sans_arbr;null
316_001;1200.83534213174;dior_cb_avec_arbr;null
317_001;15732.71463666707;dior_cb_sans_arbr;null
318_001;906.462513767;dior_cb_avec_arbr;null
319_001;10288.55448198788;dior_cb_sans_arbr;null
320_001;790.81457495581;dior_cb_avec_arbr;null
321_001;4414.1509144308;dior_cb_sans_arbr;null
322_001;3233.80384271267;dior_cb_sans_arbr;null
323_001;1075.91794833097;dior_cb_avec_arbr;null
324_001;842.85969392875;dior_cb_sans_arbr;null
325_001;723.46025706732;dior_cc_sans_arbr;null
326_001;265.05203654943;dior_cc_sans_arbr;null
327_001;4032.4861037280302;dior_cb_sans_arbr;null
328_001;417.44550462620003;dekk_cb_avec_arbr;null
329_001;8103.16269096533;dekk_cb_sans_arbr;null
330_001;2280.75855975567;dekk_cb_sans_arbr;null
331_001;1609.80014268609;dior_cb_avec_arbr;null
332_001;1857.31451528898;dior_cb_sans_arbr;null
333_001;906.462513767;dior_cb_avec_arbr;null
334_001;2497.09957643723;dior_cb_sans_arbr;null
335_001;86.0074496056;dior_cb_avec_arbr;null
336_001;1912.50134737198;dior_cb_sans_arbr;null
337_001;4899.0915190347305;dior_cb_avec_arbr;null
338_001;6803.1736838188;dior_cb_sans_arbr;null
339_001;901.14832260301;dior_cb_avec_arbr;null
340_001;2139.82395969964;dior_cb_sans_arbr;null
341_001;365.04263901168;dekkMbel_cb_avec_arbr;null
342_001;2632.27852765343;dekkMbel_cb_sans_arbr;null
343_001;3058.0501545312;dekk_cb_sans_arbr;null
344_001;911.8738574302;dekk_cb_avec_arbr;null
345_001;2988.38709685036;dekk_cb_sans_arbr;null
346_001;426.31881376424;dior_cc_avec_arbr;null
347_001;472.15643010540003;dior_cc_sans_arbr;null
352_001;4827.53461834639;dekk_cb_sans_arbr;null
353_001;676.3159230310999;dior_cb_avec_arbr;null
354_001;4726.732687025769;dior_cb_sans_arbr;null
355_001;2165.00868569071;dekk_cb_avec_arbr;null
356_001;4538.62067157102;dekk_cb_sans_arbr;null
357_001;4373.37085805705;dior_cb_sans_arbr;null
358_001;1835.33190224778;dior_cb_avec_arbr;null
359_001;2959.5164444798697;dior_cb_sans_arbr;null
360_001;4473.66427135226;dekk_cb_avec_arbr;null
361_001;5920.41675229317;dekk_cb_sans_arbr;null
362_001;1275.35842902928;dior_cb_avec_arbr;null
363_001;3465.61399827693;dior_cb_sans_arbr;null
364_001;2266.7918800902003;dekk_cb_avec_arbr;null
365_001;8795.41178147925;dekk_cb_sans_arbr;null
366_001;826.80081239312;dior_cb_avec_arbr;null
367_001;5547.99744935124;dior_cb_sans_arbr;null
368_001;79.23791913212999;dior_cb_avec_arbr;null
369_001;1690.55040361464;dior_cb_sans_arbr;null
370_001;3152.87370801201;dior_cc_avec_arbr;null
371_001;8904.53949141742;dior_cc_sans_arbr;null
372_001;630.96274019585;dekk_cb_avec_arbr;null
373_001;4219.75429003632;dekk_cb_sans_arbr;null
374_001;678.62590226482;dekkMbel_cb_avec_arbr;null
375_001;638.7492920738399;dekkMbel_cb_sans_arbr;null
376_001;6106.7032145289;dekk_cb_sans_arbr;null
377_001;3063.08147205871;dior_cb_sans_arbr;null
378_001;1586.1571342160498;dior_cb_avec_arbr;null
379_001;4125.91451895852;dior_cb_sans_arbr;null
380_001;3550.1353087255698;dekk_cb_avec_arbr;null
381_001;14420.108800578619;dekk_cb_sans_arbr;null
382_001;1093.24153467752;dior_cb_avec_arbr;null
383_001;4534.77330199411;dior_cb_sans_arbr;null
384_001;1641.3150569964598;dior_cb_avec_arbr;null
385_001;3699.01533435473;dior_cb_sans_arbr;null
386_001;771.86030123246;dior_cb_avec_arbr;null
387_001;2999.17381748587;dior_cb_sans_arbr;null
388_001;3645.6563584544897;dior_cb_sans_arbr;null
389_001;123.74134952017;dior_cb_avec_arbr;null
390_001;1166.46000228555;dior_cb_sans_arbr;null
391_001;1936.36858972392;dekkMbel_cb_sans_arbr;null
392_001;60.08361178495;dior_cc_avec_arbr;null
393_001;1850.72320386671;dior_cc_sans_arbr;null
394_001;4597.95159113318;dior_cb_sans_arbr;null
395_001;1830.38288295578;dekk_cb_avec_arbr;null
396_001;3175.6467420148797;dekk_cb_sans_arbr;null
397_001;3723.3053588594103;dior_cb_sans_arbr;null
398_001;2267.06734397618;dekk_cb_avec_arbr;null
399_001;4959.7130412659;dekk_cb_sans_arbr;null
400_001;1141.24669894719;dior_cb_avec_arbr;null
401_001;7139.18283070896;dior_cb_sans_arbr;null
402_001;837.7901086058;dior_cb_avec_arbr;null
403_001;1362.36189308672;dior_cb_sans_arbr;null
404_001;341.67602950442;dior_cc_avec_arbr;null
405_001;1151.10168992063;dior_cc_sans_arbr;null
406_001;1066.60639836788;dior_cc_avec_arbr;null
407_001;4433.03060611404;dior_cc_sans_arbr;null
408_001;438.54607274167;dior_cb_sans_arbr;null
409_001;29.98988989346;dior_cb_avec_arbr;null
410_001;2616.73087559956;dior_cb_sans_arbr;null
411_001;695.09922784727;dior_cb_sans_arbr;null
412_001;3227.01953359211;dekk_cb_sans_arbr;null
413_001;573.0532042807699;dior_cc_sans_arbr;null
414_001;1191.6896744896098;dior_cc_avec_arbr;null
415_001;7808.22984374112;dior_cc_sans_arbr;null
416_001;709.50237609414;dekk_cb_avec_arbr;null
417_001;3021.8596319993803;dekk_cb_sans_arbr;null
418_001;118.92892509085999;dekk_cb_avec_arbr;null
419_001;4110.15859353049;dekk_cb_sans_arbr;null
420_001;72.43233964563;dior_cb_avec_arbr;null
421_001;3155.3230847655;dior_cb_sans_arbr;null
422_001;421.60232197240003;dior_cb_sans_arbr;null
423_001;3852.3574561623095;dior_cc_avec_arbr;null
424_001;4569.6259241583;dior_cc_sans_arbr;null
425_001;2588.85980419639;dior_cb_avec_arbr;null
426_001;2738.88464092367;dior_cb_sans_arbr;null
427_001;1017.54375479161;dior_cb_sans_arbr;null
428_001;8100.2284915388;dior_cb_sans_arbr;null
429_001;906.462513767;dior_cc_avec_arbr;null
430_001;2483.44010901134;dior_cc_sans_arbr;null
431_001;1553.53875106652;dekk_cb_avec_arbr;null
432_001;12174.00337722558;dekk_cb_sans_arbr;null
433_001;2210.32642650194;dekk_cb_avec_arbr;null
434_001;4216.892181962729;dekk_cb_sans_arbr;null
435_001;1404.77672907448;dekk_cb_avec_arbr;null
436_001;6917.40914586422;dekk_cb_sans_arbr;null
437_001;1346.44582497475;dior_cb_avec_arbr;null
438_001;2552.21236760308;dior_cb_sans_arbr;null
439_001;864.92351764209;dior_cc_avec_arbr;null
440_001;2399.56020598805;dior_cc_sans_arbr;null
441_001;898.12186321961;dior_cc_avec_arbr;null
442_001;2912.77464924294;dior_cc_sans_arbr;null
443_001;1551.46367815848;dior_cc_avec_arbr;null
444_001;1219.18540661853;dior_cc_sans_arbr;null
445_001;2472.10172147924;dior_cc_sans_arbr;null
446_001;935.7767015464399;dior_cc_avec_arbr;null
447_001;653.25309149143;dior_cc_sans_arbr;null
448_001;144.63883309209;dekk_cb_avec_arbr;null
449_001;7376.42868207225;dekk_cb_sans_arbr;null
450_001;761.82368067495;dekk_cb_avec_arbr;null
451_001;5744.82050851778;dekk_cb_sans_arbr;null
452_001;4029.65399721336;dekk_cb_sans_arbr;null
453_001;7569.87504874381;dior_cb_sans_arbr;null
454_001;764.43813190258;dior_cb_avec_arbr;null
455_001;4188.3304870150105;dior_cb_sans_arbr;null
456_001;4342.25025366478;dior_cb_avec_arbr;null
457_001;13066.89066066673;dior_cb_sans_arbr;null
458_001;1442.0779375853801;dior_cb_avec_arbr;null
459_001;6760.47828108159;dior_cb_sans_arbr;null
460_001;0.99367685291;dior_cc_avec_arbr;null
461_001;934.83785118428;dior_cc_sans_arbr;null
462_001;1691.7523445371098;dior_cc_avec_arbr;null
463_001;769.8110075103699;dior_cc_sans_arbr;null
464_001;1021.33320075031;dior_cc_sans_arbr;null
465_001;44.81201213895999;dior_cb_avec_arbr;null
466_001;2361.28894545278;dior_cb_sans_arbr;null
467_001;601.0386565914;dior_cb_avec_arbr;null
468_001;1883.63538014085;dior_cb_sans_arbr;null
469_001;3438.3191685214897;dekk_cb_avec_arbr;null
470_001;5158.23605539004;dekk_cb_sans_arbr;null
471_001;1957.5449612313;dior_cb_avec_arbr;null
472_001;1918.29845690951;dior_cb_sans_arbr;null
473_001;2767.1074738282296;dior_cb_sans_arbr;null
474_001;585.9428753054;dior_cc_sans_arbr;null
475_001;150.75469114037;dior_cc_avec_arbr;null
476_001;1374.07889116908;dior_cc_sans_arbr;null
477_001;834.0301740603801;dior_cb_avec_arbr;null
478_001;2812.7775015032703;dior_cb_sans_arbr;null
479_001;1981.92783558162;dior_cb_avec_arbr;null
480_001;3878.92506677619;dior_cb_sans_arbr;null
481_001;2222.82068617985;dior_cb_avec_arbr;null
482_001;5293.54810104664;dior_cb_sans_arbr;null
483_001;991.30745617792;dekk_cb_avec_arbr;null
484_001;3942.44693338745;dekk_cb_sans_arbr;null
485_001;3517.2468102316902;dekk_cb_avec_arbr;null
486_001;10940.70861818469;dekk_cb_sans_arbr;null
487_001;1071.41479338033;dior_cb_avec_arbr;null
488_001;6367.44581100282;dior_cb_sans_arbr;null
489_001;5947.45707565128;dior_cb_sans_arbr;null
490_001;677.89468766612;dior_cb_sans_arbr;null
491_001;7355.22327580455;dior_cb_sans_arbr;null
492_001;784.99658967025;dior_cb_avec_arbr;null
493_001;6803.15828199987;dior_cb_sans_arbr;null
494_001;5980.4758210881;dior_cb_sans_arbr;null
495_001;5819.800499351701;dekk_cb_sans_arbr;null
496_001;3745.52963262697;dekk_cb_sans_arbr;null
497_001;725.91571057605;dekk_cb_avec_arbr;null
498_001;1202.6697207526001;dekk_cb_sans_arbr;null
499_001;220.25822384044;dekk_cb_avec_arbr;null
500_001;4793.57986978356;dekk_cb_sans_arbr;null
501_001;3640.7294839070296;dior_cc_avec_arbr;null
502_001;5174.5353158218795;dior_cc_sans_arbr;null
503_001;1757.40780604778;dior_cb_avec_arbr;null
504_001;2640.93826352571;dior_cb_sans_arbr;null
505_001;1579.5191709370602;dior_cb_sans_arbr;null
506_001;84.31747719840999;dior_cb_avec_arbr;null
507_001;6243.46450230707;dior_cb_sans_arbr;null
508_001;1704.3270528673602;dior_cb_avec_arbr;null
509_001;4199.5077766805;dior_cb_sans_arbr;null
510_001;151.65390820859;dior_cb_avec_arbr;null
511_001;3028.05639801071;dior_cb_sans_arbr;null
512_001;1812.92502753401;dior_cb_avec_arbr;null
513_001;5158.171801999029;dior_cb_sans_arbr;null
514_001;178.09709321056002;dior_cb_avec_arbr;null
515_001;3588.2662758678703;dior_cb_sans_arbr;null
516_001;5638.98758165661;dior_cc_avec_arbr;null
517_001;3569.3918387359604;dior_cc_sans_arbr;null
518_001;906.462513767;dekk_cb_avec_arbr;null
519_001;4723.40077130571;dekk_cb_sans_arbr;null
520_001;4506.11880106262;dekk_cb_sans_arbr;null
521_001;2792.16602709268;dekk_cb_sans_arbr;null
522_001;11.7577837014;dekk_cb_avec_arbr;null
523_001;1947.6807903569602;dekk_cb_sans_arbr;null
524_001;806.5295577862599;dekk_cb_avec_arbr;null
525_001;2538.0479586277597;dekk_cb_sans_arbr;null
526_001;22.7334903248;dior_cb_avec_arbr;null
527_001;3130.57309240844;dior_cb_sans_arbr;null
528_001;815.49188565974;dior_cb_avec_arbr;null
529_001;8304.03821684328;dior_cb_sans_arbr;null
530_001;2558.081817372;dior_cb_avec_arbr;null
531_001;4708.80456481584;dior_cb_sans_arbr;null
532_001;806.56936480896;dior_cb_avec_arbr;null
533_001;6340.55496613582;dior_cb_sans_arbr;null
534_001;4519.82912584806;dekk_cb_sans_arbr;null
535_001;3155.9921938895504;dior_cb_avec_arbr;null
536_001;7746.13312603922;dior_cb_sans_arbr;null
537_001;2601.35059642281;dior_cb_avec_arbr;null
538_001;9774.26574969521;dior_cb_sans_arbr;null
539_001;163.89513502407;dior_cb_avec_arbr;null
540_001;9589.01553801562;dior_cb_sans_arbr;null
541_001;1313.59126604421;dior_cb_avec_arbr;null
542_001;3021.78626630954;dior_cb_sans_arbr;null
543_001;648.8027167817401;dior_cc_avec_arbr;null
544_001;4487.67277660949;dior_cc_sans_arbr;null
545_001;2456.66453540591;dekkMbel_cb_avec_arbr;null
546_001;4346.35152275189;dekkMbel_cb_sans_arbr;null
547_001;3916.32147068001;dekkMbel_cb_sans_arbr;null
548_001;2332.28511859968;dior_cb_avec_arbr;null
549_001;8061.29595395074;dior_cb_sans_arbr;null
550_001;1802.36787465822;dior_cb_avec_arbr;null
551_001;4097.17890234078;dior_cb_sans_arbr;null
552_001;1761.89279147461;dior_cb_avec_arbr;null
553_001;5041.313893475891;dior_cb_sans_arbr;null
554_001;906.462513767;dior_cb_avec_arbr;null
555_001;7545.77755801265;dior_cb_sans_arbr;null
556_001;6533.32270764173;dior_cc_avec_arbr;null
557_001;2002.91709602288;dior_cc_sans_arbr;null
558_001;1011.68444040522;dior_cb_avec_arbr;null
559_001;2952.10699589581;dior_cb_sans_arbr;null
560_001;2693.51792381939;dior_cb_sans_arbr;null
561_001;635.35810620305;dior_cb_avec_arbr;null
562_001;2161.37570818105;dior_cb_sans_arbr;null
563_001;271.10440756381;dior_cb_avec_arbr;null
564_001;3120.32624551511;dior_cb_sans_arbr;null
565_001;1543.5201534082098;dior_cb_avec_arbr;null
566_001;11547.54272377982;dior_cb_sans_arbr;null
567_001;851.6848560446;dior_cb_avec_arbr;null
568_001;6612.62298128726;dior_cb_sans_arbr;null
569_001;1332.0395284082;dior_cb_avec_arbr;null
570_001;10923.80547199693;dior_cb_sans_arbr;null
571_001;708.3775370948;dekkMbel_cb_avec_arbr;null
572_001;7230.054903620669;dekkMbel_cb_sans_arbr;null
573_001;7920.2454081959495;dekkMbel_cb_sans_arbr;null
574_001;798.52949665467;dekkMbel_cb_avec_arbr;null
575_001;2459.67500699316;dekkMbel_cb_sans_arbr;null
576_001;2292.834519411;dekkMbel_cb_avec_arbr;null
577_001;3614.7767993733996;dekkMbel_cb_sans_arbr;null
578_001;1243.99778914564;dekkMbel_cb_avec_arbr;null
579_001;2315.63574354078;dekkMbel_cb_sans_arbr;null
580_001;2489.1288091944098;dekk_cb_avec_arbr;null
581_001;4838.27935750318;dekk_cb_sans_arbr;null
582_001;2484.49906260814;dekk_cb_sans_arbr;null
583_001;811.75308699763;dior_cc_avec_arbr;null
584_001;1599.72533738459;dior_cc_sans_arbr;null
585_001;654.8987682041301;dior_cc_avec_arbr;null
586_001;1461.0087177420999;dior_cc_sans_arbr;null
587_001;1536.04710201565;dior_cb_avec_arbr;null
588_001;3711.59251673738;dior_cb_sans_arbr;null
589_001;870.56768160179;dior_cb_avec_arbr;null
590_001;9039.70764439362;dior_cb_sans_arbr;null
591_001;1707.9123168961798;dior_cb_avec_arbr;null
592_001;2529.3494981493295;dior_cb_sans_arbr;null
593_001;3605.8879508697;dior_cb_avec_arbr;null
594_001;4115.82478029888;dior_cb_sans_arbr;null
595_001;639.2479117830601;dior_cb_avec_arbr;null
596_001;9725.08426951593;dior_cb_sans_arbr;null
597_001;3236.30053921108;dior_cb_sans_arbr;null
598_001;4364.55720367833;dekkMbel_cb_sans_arbr;null
599_001;2141.78187533936;dior_cc_avec_arbr;null
600_001;773.9542107919201;dior_cc_sans_arbr;null
601_001;1216.20090574648;dior_cb_avec_arbr;null
602_001;2696.52813281605;dior_cb_sans_arbr;null
603_001;1161.13747441354;dior_cb_avec_arbr;null
604_001;3819.4353645832302;dior_cb_sans_arbr;null
605_001;2476.2551583036197;dior_cb_avec_arbr;null
606_001;12966.02233266364;dior_cb_sans_arbr;null
607_001;906.462513767;dekk_cb_avec_arbr;null
608_001;2651.5762046846903;dekk_cb_sans_arbr;null
609_001;1477.3021530262502;dekkMbel_cb_avec_arbr;null
610_001;8402.11523453412;dekkMbel_cb_sans_arbr;null
611_001;45.462397454030004;dekk_cb_avec_arbr;null
612_001;2044.0008319406;dekk_cb_sans_arbr;null
613_001;2435.17579395969;dior_cc_sans_arbr;null
614_001;1812.92502753401;dior_cb_avec_arbr;null
615_001;11184.41499904178;dior_cb_sans_arbr;null
616_001;947.15866447451;dior_cb_avec_arbr;null
617_001;3650.3117441817103;dior_cb_sans_arbr;null
618_001;1415.79375460593;dior_cb_avec_arbr;null
619_001;2274.87070200687;dior_cb_sans_arbr;null
620_001;581.77320392048;dior_cb_avec_arbr;null
621_001;3053.67988145925;dior_cb_sans_arbr;null
622_001;806.4057166568001;dior_cb_avec_arbr;null
623_001;4356.3629413921;dior_cb_sans_arbr;null
624_001;2022.6386985057702;dior_cb_avec_arbr;null
625_001;3215.51219999167;dior_cb_sans_arbr;null
626_001;186.46057481392;dior_cb_avec_arbr;null
627_001;5822.0223491652505;dior_cb_sans_arbr;null
628_001;6983.47829595311;dior_cb_avec_arbr;null
629_001;11511.50787128639;dior_cb_sans_arbr;null
630_001;248.52790224925;dior_cb_avec_arbr;null
631_001;2907.07151261301;dior_cb_sans_arbr;null
632_001;1810.6502356547198;dekkMbel_cb_avec_arbr;null
633_001;3525.01346714888;dekkMbel_cb_sans_arbr;null
634_001;5034.92611113763;dior_cb_avec_arbr;null
635_001;8530.76140904448;dior_cb_sans_arbr;null
636_001;906.11766567401;dior_cb_avec_arbr;null
637_001;3056.95135469951;dior_cb_sans_arbr;null
638_001;461.29439646924004;dior_cb_avec_arbr;null
639_001;4539.16886203617;dior_cb_sans_arbr;null
640_001;1640.45023546895;dior_cc_avec_arbr;null
641_001;1374.84755883568;dior_cc_sans_arbr;null
642_001;1213.57874340147;dior_cc_avec_arbr;null
643_001;160.15219288414002;dior_cc_sans_arbr;null
644_001;93.18688649536;dekk_cb_avec_arbr;null
645_001;5428.58264995817;dekk_cb_sans_arbr;null
646_001;598.50497683651;dekkMbel_cb_avec_arbr;null
647_001;979.5449155623601;dekkMbel_cb_sans_arbr;null
648_001;316.92648146472;dekk_cb_avec_arbr;null
649_001;4653.25339264477;dekk_cb_sans_arbr;null
650_001;3095.28329103477;dior_cb_sans_arbr;null
651_001;989.90710369406;dior_cb_avec_arbr;null
652_001;3315.7044154732703;dior_cb_sans_arbr;null
653_001;784.6965646564299;dekk_cb_sans_arbr;null
654_001;3617.25129934599;dekk_cb_sans_arbr;null
655_001;1616.82578986396;dior_cb_avec_arbr;null
656_001;6145.81041577851;dior_cb_sans_arbr;null
657_001;4044.41807281104;dior_cb_avec_arbr;null
658_001;10261.92995744329;dior_cb_sans_arbr;null
659_001;859.84096584915;dior_cb_avec_arbr;null
660_001;2288.22059961786;dior_cb_sans_arbr;null
661_001;906.462513767;dior_cb_avec_arbr;null
662_001;6695.23658261838;dior_cb_sans_arbr;null
663_001;5466.54071534677;dior_cb_sans_arbr;null
664_001;112.98538154495999;dior_cb_avec_arbr;null
665_001;4755.44438301439;dior_cb_sans_arbr;null
666_001;798.3086129148099;dekk_cb_avec_arbr;null
667_001;1425.1280729705202;dekk_cb_sans_arbr;null
668_001;1019.65209279953;dekk_cb_avec_arbr;null
669_001;5448.816741719031;dekk_cb_sans_arbr;null
670_001;2596.5843911673396;dekkMbel_cb_avec_arbr;null
671_001;914.46333664169;dekkMbel_cb_sans_arbr;null
672_001;1962.41947269579;dior_cb_avec_arbr;null
673_001;4529.06154207732;dior_cb_sans_arbr;null
674_001;759.12326123967;dior_cb_avec_arbr;null
675_001;5955.58473323613;dior_cb_sans_arbr;null
676_001;801.62586543902;dior_cb_avec_arbr;null
677_001;3539.65426154954;dior_cb_sans_arbr;null
678_001;3156.63358590692;dior_cb_sans_arbr;null
679_001;717.1382443228499;dior_cb_avec_arbr;null
680_001;1928.33526995279;dior_cb_sans_arbr;null
681_001;4902.64575101544;dior_cc_avec_arbr;null
682_001;4906.185288780421;dior_cc_sans_arbr;null
683_001;1292.61446358892;dior_cc_avec_arbr;null
684_001;7419.00645391691;dior_cc_sans_arbr;null
685_001;896.12783665435;dior_cb_avec_arbr;null
686_001;5143.74623994505;dior_cb_sans_arbr;null
687_001;1614.9389509986102;dior_cb_avec_arbr;null
688_001;2416.90275787183;dior_cb_sans_arbr;null
689_001;6707.245820302981;dior_cb_avec_arbr;null
690_001;1436.88894673395;dior_cb_sans_arbr;null
691_001;4251.89659348517;dior_cb_avec_arbr;null
692_001;1465.2817697247401;dior_cb_sans_arbr;null
693_001;141.06988167484;dior_cb_avec_arbr;null
694_001;4576.14312885779;dior_cb_sans_arbr;null
695_001;4188.33030770035;dior_cb_sans_arbr;null
696_001;3227.97680557496;dior_cb_avec_arbr;null
697_001;5492.68801201198;dior_cb_sans_arbr;null
698_001;2010.02263647459;dior_cb_avec_arbr;null
699_001;1521.34386208541;dior_cb_sans_arbr;null
700_001;3406.20344821783;dekk_cb_avec_arbr;null
701_001;965.5341744683201;dekk_cb_sans_arbr;null
702_001;1872.29353786186;dior_cb_avec_arbr;null
703_001;913.0774831602299;dior_cb_sans_arbr;null
704_001;1696.48396046779;dior_cb_avec_arbr;null
705_001;6153.8214023438995;dior_cb_sans_arbr;null
706_001;3361.4059430744096;dekk_cb_sans_arbr;null
707_001;501.89722109973;dekk_cb_avec_arbr;null
708_001;2576.87498856007;dekk_cb_sans_arbr;null
709_001;906.462513767;dekk_cb_avec_arbr;null
710_001;6107.3331411176505;dekk_cb_sans_arbr;null
711_001;707.07926207056;dior_cb_avec_arbr;null
712_001;358.73431543887;dior_cb_sans_arbr;null
713_001;37.65534436959;dior_cb_avec_arbr;null
714_001;2574.52940692898;dior_cb_sans_arbr;null
715_001;403.64537258314;dior_cb_avec_arbr;null
716_001;2707.7787554348397;dior_cb_sans_arbr;null
717_001;700.74258671077;dior_cb_avec_arbr;null
718_001;1310.33044389243;dior_cb_sans_arbr;null
719_001;186.04254417341;dior_cb_avec_arbr;null
720_001;2179.61352326749;dior_cb_sans_arbr;null
721_001;430.08823713617;dekk_cb_avec_arbr;null
722_001;3908.49938581723;dekk_cb_sans_arbr;null
723_001;825.2193994866899;dekk_cb_avec_arbr;null
724_001;1933.9091585369101;dekk_cb_sans_arbr;null
725_001;997.8908111435101;dior_cb_avec_arbr;null
726_001;6151.22896407441;dior_cb_sans_arbr;null
727_001;150.65217748777;dior_cb_avec_arbr;null
728_001;2223.25524818684;dior_cb_sans_arbr;null
729_001;514.86941385953;dior_cc_avec_arbr;null
730_001;102.39859668021;dior_cc_sans_arbr;null
731_001;9604.55083899764;dior_cb_sans_arbr;null
732_001;289.0444264978;dior_cc_avec_arbr;null
733_001;710.4279139149199;dior_cc_sans_arbr;null
734_001;1421.87947108414;dior_cb_avec_arbr;null
735_001;2500.55359321921;dior_cb_sans_arbr;null
736_001;3494.67931833486;dior_cb_sans_arbr;null
737_001;2.05116929571;dior_cc_avec_arbr;null
738_001;278.49763197606;dior_cc_sans_arbr;null
739_001;3311.63912295178;dior_cb_avec_arbr;null
740_001;7643.34572849096;dior_cb_sans_arbr;null
741_001;195.96929115206;dior_cb_avec_arbr;null
742_001;9727.34563996949;dior_cb_sans_arbr;null
743_001;5921.86299812259;dior_cb_sans_arbr;null
744_001;833.3805201712901;dior_cb_avec_arbr;null
745_001;4161.34250459748;dior_cb_sans_arbr;null
746_001;499.86996908052;dior_cc_avec_arbr;null
747_001;975.8532986200901;dior_cc_sans_arbr;null
748_001;483.95801542832;dior_cc_avec_arbr;null
749_001;358.15818272401;dior_cc_sans_arbr;null
